date,ICLN,NEE,ENPH,FSLR,XLE,PLUG,SEDG
2024-08-08,176.27,140.64,192.84,130.14,121.24,157.27,178.83
2024-08-09,176.44,138.98,190.53,133.16,123.3,159.31,180.65
2024-08-10,174.83,136.85,191.76,137.63,123.41,158.59,179.7
2024-08-11,178.81,135.44,190.49,137.96,123.0,159.47,182.19
2024-08-12,176.93,140.56,190.97,140.09,124.88,157.35,189.18
2024-08-13,173.31,140.92,185.63,140.25,128.18,155.11,188.26
2024-08-14,167.8,141.75,184.24,138.14,129.18,152.62,190.62
2024-08-15,167.8,139.23,184.03,141.27,132.36,154.23,188.58
2024-08-16,166.47,135.45,186.8,140.02,129.34,152.86,188.36
2024-08-17,162.99,133.85,184.31,143.32,130.7,153.55,188.53
2024-08-18,165.98,136.8,180.29,146.18,130.5,153.7,188.08
2024-08-19,167.72,137.56,181.58,147.6,129.02,151.05,195.12
2024-08-20,167.73,138.86,181.5,151.72,125.36,151.3,194.32
2024-08-21,171.25,140.47,176.9,156.88,126.57,151.92,196.13
2024-08-22,173.04,139.29,172.55,156.55,128.29,154.41,190.55
2024-08-23,170.99,142.26,170.97,154.73,130.94,157.95,191.88
2024-08-24,168.41,140.98,170.84,150.48,133.32,155.61,195.26
2024-08-25,170.56,144.03,174.48,155.62,131.84,156.52,193.82
2024-08-26,171.66,145.06,171.74,154.67,134.46,151.39,186.62
2024-08-27,172.18,141.24,173.21,157.38,137.34,153.4,186.6
2024-08-28,170.08,139.72,168.21,155.71,136.88,156.0,186.74
2024-08-29,171.72,136.05,169.2,159.38,137.0,149.83,188.86
2024-08-30,169.86,138.49,173.11,157.79,135.15,149.14,194.66
2024-08-31,169.68,138.51,173.56,155.04,138.22,147.21,193.64
2024-09-01,173.45,133.95,171.91,154.64,135.16,146.53,191.25
2024-09-02,171.82,134.77,175.18,153.48,136.31,145.42,188.0
2024-09-03,167.85,133.75,176.18,154.93,135.16,145.39,188.65
2024-09-04,165.28,130.84,176.67,154.89,132.98,147.62,190.1
2024-09-05,167.83,134.2,174.06,156.42,129.3,147.0,188.64
2024-09-06,168.56,134.49,175.1,155.82,128.95,144.89,190.94
2024-09-07,168.31,133.96,173.39,154.34,126.57,144.54,192.37
2024-09-08,167.11,133.22,174.29,153.07,126.74,144.06,192.59
2024-09-09,168.41,130.27,174.5,157.84,130.17,143.95,190.08
2024-09-10,166.35,127.78,177.43,158.45,130.62,142.66,188.8
2024-09-11,167.2,130.31,175.98,153.82,134.6,143.51,182.01
2024-09-12,165.45,129.45,175.68,152.69,132.68,146.36,182.75
2024-09-13,163.3,129.56,177.87,152.99,130.2,143.65,182.91
2024-09-14,161.82,125.65,177.33,157.3,128.26,144.69,183.52
2024-09-15,160.99,123.23,177.36,159.81,128.2,146.85,185.0
2024-09-16,160.95,124.42,176.36,157.68,133.5,145.97,186.16
2024-09-17,161.6,125.18,176.02,163.48,130.24,148.78,185.95
2024-09-18,152.74,128.54,177.88,163.48,131.51,148.72,186.18
2024-09-19,150.97,131.19,182.87,166.62,130.2,146.28,182.35
2024-09-20,150.16,130.8,178.35,163.82,129.83,143.57,180.84
2024-09-21,153.62,131.8,175.06,158.01,127.44,145.33,181.07
2024-09-22,151.21,131.24,174.78,154.75,129.19,146.91,179.16
2024-09-23,151.66,135.35,174.99,147.28,129.17,150.43,181.56
2024-09-24,155.13,137.75,174.51,152.02,131.34,152.02,179.86
2024-09-25,152.16,138.17,173.15,152.59,131.75,151.87,180.53
2024-09-26,153.13,138.65,170.03,150.55,128.0,153.05,180.94
2024-09-27,151.36,141.73,168.56,151.64,130.17,153.29,183.06
2024-09-28,150.29,143.03,170.71,152.15,126.3,152.6,185.62
2024-09-29,148.56,146.44,171.04,153.64,122.82,151.42,187.65
2024-09-30,147.0,141.7,172.85,156.51,121.19,147.58,181.81
2024-10-01,153.08,142.75,169.82,155.9,119.61,146.01,185.16
2024-10-02,155.09,141.72,173.58,153.92,122.18,146.04,189.49
2024-10-03,157.73,145.52,172.21,155.91,121.92,140.19,188.22
2024-10-04,158.98,148.97,173.52,157.87,124.26,139.17,188.98
2024-10-05,155.23,149.12,173.28,158.18,123.27,141.16,186.55
2024-10-06,156.22,152.63,171.97,163.43,123.92,144.08,181.19
2024-10-07,158.82,156.79,173.17,162.44,124.86,143.01,179.27
2024-10-08,156.86,157.04,174.81,160.33,126.23,141.87,177.91
2024-10-09,159.21,162.94,181.95,161.41,125.41,140.41,177.05
2024-10-10,160.97,162.95,183.79,159.86,124.76,139.3,174.6
2024-10-11,165.53,162.5,185.6,161.13,124.27,141.76,172.76
2024-10-12,164.57,164.69,188.88,159.2,121.25,145.3,172.82
2024-10-13,161.94,163.9,190.48,158.32,121.16,141.69,170.91
2024-10-14,161.15,164.19,190.46,162.89,120.52,140.04,172.39
2024-10-15,164.7,167.75,191.49,161.98,121.63,136.19,174.24
2024-10-16,160.26,167.88,194.04,160.12,121.86,136.2,180.55
2024-10-17,155.37,163.7,198.19,163.01,124.36,135.27,183.68
2024-10-18,155.66,164.68,193.79,160.52,124.55,136.07,184.45
2024-10-19,154.7,163.04,188.4,158.93,123.56,137.49,182.82
2024-10-20,154.8,165.24,192.3,160.39,123.73,138.7,183.72
2024-10-21,157.07,167.05,190.1,162.73,125.14,135.34,184.71
2024-10-22,155.85,170.82,185.46,165.79,121.87,135.36,183.38
2024-10-23,151.54,173.23,180.68,164.01,120.63,131.98,185.63
2024-10-24,156.27,176.15,185.66,165.56,119.43,135.49,181.83
2024-10-25,154.01,174.47,188.19,164.48,120.23,134.83,181.25
2024-10-26,151.64,176.66,186.04,163.07,121.24,132.14,182.86
2024-10-27,154.23,181.96,184.03,166.1,121.48,131.12,182.16
2024-10-28,153.41,180.18,184.28,164.81,117.03,131.6,181.68
2024-10-29,153.34,185.13,186.74,165.58,114.18,133.11,181.4
2024-10-30,154.53,183.7,186.01,166.05,113.83,135.77,179.22
2024-10-31,157.12,181.44,183.91,163.47,113.03,135.97,182.46
2024-11-01,156.41,182.34,187.14,165.92,113.1,135.36,179.77
2024-11-02,160.06,184.39,187.16,167.39,112.36,136.82,180.71
2024-11-03,155.01,187.0,186.71,162.49,115.0,138.23,181.93
2024-11-04,156.85,184.4,188.47,163.25,111.1,138.55,179.43
2024-11-05,154.96,185.69,182.52,161.44,111.66,140.3,179.71
2024-11-06,158.22,183.87,183.91,164.17,113.1,139.09,177.35
2024-11-07,158.64,179.86,185.14,160.7,114.35,139.11,181.14
2024-11-08,157.12,177.44,181.4,159.92,115.75,134.93,178.14
2024-11-09,158.76,175.53,176.21,160.87,117.43,137.82,176.48
2024-11-10,160.97,177.0,174.8,161.08,116.42,136.87,173.33
2024-11-11,162.6,180.14,175.37,163.0,114.56,139.8,169.88
2024-11-12,160.17,176.25,176.21,159.37,111.12,138.5,174.02
2024-11-13,159.08,177.27,180.8,163.4,110.57,139.19,175.53
2024-11-14,159.15,174.23,181.39,164.77,109.34,139.38,175.98
2024-11-15,159.13,175.96,177.67,168.21,111.3,138.19,174.34
2024-11-16,161.0,174.41,177.09,170.5,110.87,139.25,176.8
2024-11-17,156.22,171.74,173.73,170.56,109.21,141.99,174.7
2024-11-18,157.08,173.89,173.35,167.36,107.32,145.87,176.87
2024-11-19,156.47,172.45,177.1,166.03,110.58,147.57,174.64
2024-11-20,154.58,171.71,178.41,170.07,110.59,144.96,173.04
2024-11-21,152.94,166.08,176.57,173.69,109.35,141.98,175.1
2024-11-22,152.52,168.52,178.23,172.16,109.61,144.48,177.45
2024-11-23,144.36,170.68,176.24,164.97,112.79,142.39,179.13
2024-11-24,142.92,170.78,169.02,164.52,112.18,143.77,176.4
2024-11-25,141.11,166.95,165.98,163.9,113.39,144.13,175.31
2024-11-26,142.31,170.07,167.2,163.36,115.47,147.06,175.81
2024-11-27,140.66,168.45,169.22,164.74,112.25,148.26,173.66
2024-11-28,140.28,167.39,173.67,166.99,111.23,148.26,177.31
2024-11-29,143.59,173.28,174.64,169.55,113.06,152.92,171.01
2024-11-30,145.8,171.54,178.26,170.77,111.93,154.89,169.1
2024-12-01,147.85,173.53,180.03,166.24,112.68,156.25,167.89
2024-12-02,146.82,175.08,182.65,165.48,111.46,154.73,160.82
2024-12-03,148.09,176.19,185.76,171.28,110.77,152.15,157.53
2024-12-04,147.64,177.03,187.21,172.32,109.88,151.63,159.08
2024-12-05,147.28,178.12,190.33,173.36,110.98,148.3,159.24
2024-12-06,148.26,178.93,188.43,174.38,111.37,147.65,163.07
2024-12-07,147.0,178.88,181.66,175.56,111.6,149.5,166.94
2024-12-08,150.37,183.03,183.53,169.37,115.85,151.78,168.1
2024-12-09,150.08,179.51,184.65,168.84,118.93,151.08,168.98
2024-12-10,151.55,182.35,182.32,168.83,115.45,157.81,169.23
2024-12-11,154.94,184.69,178.96,172.16,114.74,160.9,162.57
2024-12-12,157.41,186.72,179.4,172.37,118.98,160.91,159.25
2024-12-13,154.16,189.94,181.42,168.2,118.01,163.74,159.57
2024-12-14,155.27,189.77,182.92,169.37,121.77,162.4,161.13
2024-12-15,157.33,184.55,180.22,167.41,121.05,163.1,161.91
2024-12-16,159.51,184.44,178.16,164.44,120.68,162.3,159.82
2024-12-17,156.93,181.79,180.03,162.47,122.31,159.43,162.15
2024-12-18,155.46,179.89,180.32,163.87,122.2,160.78,165.84
2024-12-19,157.86,176.62,183.28,167.05,123.17,160.85,168.25
2024-12-20,156.13,175.45,182.48,168.34,126.14,161.1,170.83
2024-12-21,155.51,173.97,184.6,170.02,127.64,161.11,169.49
2024-12-22,159.26,167.85,184.58,171.31,127.98,159.02,172.31
2024-12-23,159.23,169.7,182.67,171.66,131.25,162.89,172.77
2024-12-24,157.57,175.43,185.3,173.54,133.04,163.58,174.18
2024-12-25,155.57,177.11,182.64,167.33,131.65,163.0,175.22
2024-12-26,156.43,176.66,182.93,167.69,135.62,159.89,174.99
2024-12-27,153.38,176.61,183.51,165.15,137.0,163.33,172.82
2024-12-28,152.89,175.58,183.27,168.11,136.63,165.66,172.7
2024-12-29,153.73,175.91,186.09,167.82,132.55,165.75,175.34
2024-12-30,156.8,175.9,187.78,167.98,129.88,162.64,174.26
2024-12-31,158.45,173.76,189.15,164.27,133.26,166.76,176.69
2025-01-01,156.83,178.24,189.44,166.86,136.8,165.94,178.73
2025-01-02,159.68,174.35,194.81,168.52,137.05,164.35,178.02
2025-01-03,159.04,176.32,199.18,170.01,133.48,164.31,181.81
2025-01-04,156.18,176.14,202.03,168.02,131.37,165.32,180.94
2025-01-05,155.85,181.25,204.42,166.15,128.23,164.98,185.12
2025-01-06,159.29,182.26,202.68,166.79,125.1,156.68,186.42
2025-01-07,159.76,181.37,202.63,165.14,128.97,157.34,186.47
2025-01-08,159.87,180.79,204.66,166.3,133.02,159.6,184.08
2025-01-09,163.88,180.99,207.99,160.99,130.85,157.55,183.93
2025-01-10,160.44,177.98,210.88,159.9,130.9,161.31,183.46
2025-01-11,157.43,176.02,212.82,164.29,128.44,163.51,180.09
2025-01-12,153.69,171.39,219.32,165.45,128.47,164.74,179.59
2025-01-13,154.63,169.11,218.98,165.95,131.7,162.32,177.51
2025-01-14,155.09,169.43,222.42,170.97,133.89,163.08,179.16
2025-01-15,158.76,170.28,225.5,165.07,135.59,164.03,182.76
2025-01-16,159.42,165.31,227.12,163.13,135.26,163.91,179.49
2025-01-17,158.53,165.05,228.87,162.23,137.89,166.18,184.19
2025-01-18,158.62,166.52,230.56,164.4,139.29,165.37,183.93
2025-01-19,158.97,166.2,228.23,166.64,140.21,164.78,181.33
2025-01-20,155.07,164.7,229.72,164.56,140.03,163.21,183.48
2025-01-21,161.45,163.77,232.41,167.11,140.77,162.19,182.34
2025-01-22,162.79,162.52,233.65,166.18,141.45,161.9,182.21
2025-01-23,163.38,161.05,227.31,169.28,140.37,161.53,181.2
2025-01-24,164.97,161.55,222.01,166.74,138.81,161.05,179.07
2025-01-25,166.81,167.22,219.4,166.52,136.81,163.37,181.1
2025-01-26,166.54,165.44,219.14,165.38,134.96,167.13,180.42
2025-01-27,165.05,164.74,216.74,168.08,134.65,164.0,176.62
2025-01-28,166.62,164.69,218.95,166.85,134.0,167.72,178.17
2025-01-29,167.66,163.07,222.97,166.82,132.82,169.5,175.03
2025-01-30,165.71,165.84,227.54,168.18,131.5,167.32,172.09
2025-01-31,169.32,160.03,228.8,169.64,132.14,166.57,175.26
2025-02-01,170.15,158.83,232.64,171.98,134.94,167.37,172.2
2025-02-02,172.1,160.86,230.79,172.61,134.99,163.3,166.3
2025-02-03,175.78,160.23,230.38,171.61,134.9,163.16,167.94
2025-02-04,175.92,158.34,226.47,170.8,133.08,164.53,167.26
2025-02-05,176.85,159.47,230.68,170.95,132.7,162.78,166.8
2025-02-06,179.08,161.71,237.6,171.67,135.13,159.25,166.09
2025-02-07,177.23,162.31,236.47,171.38,137.3,159.8,166.75
2025-02-08,177.46,160.44,228.89,171.52,139.36,165.17,164.95
2025-02-09,177.88,161.61,225.73,167.7,141.39,163.49,168.69
2025-02-10,175.42,160.72,223.64,169.46,142.39,161.89,165.04
2025-02-11,181.61,162.6,219.3,170.01,143.32,161.48,166.22
2025-02-12,177.86,166.3,216.02,172.64,143.91,165.36,167.91
2025-02-13,174.49,159.88,216.79,172.73,143.09,161.35,166.08
2025-02-14,178.02,160.23,219.05,168.31,143.34,163.29,163.61
2025-02-15,180.01,156.13,212.37,167.49,143.87,162.22,166.19
2025-02-16,177.33,161.93,210.79,167.07,145.31,161.36,163.8
2025-02-17,179.03,160.88,211.01,169.02,145.6,159.0,162.39
2025-02-18,183.06,162.76,207.74,163.86,150.27,158.48,164.63
2025-02-19,183.07,162.75,208.58,164.04,147.62,156.23,164.8
2025-02-20,190.3,160.87,208.31,165.38,149.36,155.04,160.44
2025-02-21,185.47,158.73,207.02,163.83,149.35,149.38,164.73
2025-02-22,187.5,162.58,204.44,164.09,149.43,145.57,163.5
2025-02-23,190.87,165.0,205.38,162.63,147.68,146.38,162.59
2025-02-24,193.52,169.89,203.13,160.93,150.01,149.22,163.3
2025-02-25,193.02,170.11,197.95,160.03,151.56,156.53,164.91
2025-02-26,192.28,170.93,198.11,158.4,153.53,158.78,169.84
2025-02-27,193.66,170.33,194.53,160.1,153.99,157.63,165.7
2025-02-28,196.12,169.69,189.82,158.42,153.32,153.02,167.84
2025-03-01,197.99,167.12,190.29,156.35,153.24,154.33,169.79
2025-03-02,201.18,167.41,189.92,160.58,154.32,151.05,169.53
2025-03-03,198.21,165.51,187.54,162.97,149.75,149.3,171.61
2025-03-04,197.63,166.69,188.28,158.5,151.79,151.35,174.1
2025-03-05,194.94,167.2,189.57,156.76,157.39,152.1,170.58
2025-03-06,193.91,168.01,190.35,157.41,158.6,150.06,175.14
2025-03-07,196.96,172.31,191.03,158.26,158.01,146.29,171.14
2025-03-08,197.38,172.3,186.52,154.8,157.71,146.83,168.31
2025-03-09,205.19,174.34,190.23,157.56,159.46,147.64,167.73
2025-03-10,205.89,179.8,191.92,159.59,158.92,151.05,172.66
2025-03-11,206.18,183.41,189.28,160.83,161.07,145.47,171.95
2025-03-12,206.61,186.67,189.34,164.18,160.73,145.81,171.95
2025-03-13,204.74,185.91,189.94,165.38,164.95,147.88,175.73
2025-03-14,204.66,186.64,189.92,166.57,169.2,147.02,175.03
2025-03-15,208.23,183.05,195.13,170.55,168.45,143.58,172.02
2025-03-16,208.69,184.51,189.53,173.45,168.33,141.66,171.03
2025-03-17,206.31,185.36,185.43,171.35,168.35,141.81,174.63
2025-03-18,203.55,185.52,179.13,173.06,168.42,140.84,174.9
2025-03-19,202.27,188.47,179.43,171.42,166.11,141.55,180.06
2025-03-20,202.6,185.15,180.99,172.8,163.48,144.34,182.14
2025-03-21,206.33,189.78,182.06,174.13,166.63,143.55,180.47
2025-03-22,202.28,192.44,181.36,170.6,169.43,146.25,180.7
2025-03-23,201.41,192.33,182.56,170.37,172.24,146.07,178.47
2025-03-24,201.95,192.0,181.83,171.14,172.15,146.88,176.77
2025-03-25,196.5,193.48,183.95,170.1,177.12,146.7,188.74
2025-03-26,194.14,197.99,187.09,170.99,177.15,147.57,191.72
2025-03-27,192.25,198.39,184.57,173.14,179.53,148.84,194.29
2025-03-28,190.05,198.92,183.87,173.15,175.88,150.35,192.57
2025-03-29,190.7,199.07,183.61,173.82,175.37,150.43,197.2
2025-03-30,190.33,204.5,187.63,177.51,175.04,142.99,200.55
2025-03-31,188.84,203.47,185.44,178.86,174.96,144.34,206.31
2025-04-01,190.15,203.48,188.58,179.49,171.57,140.15,212.09
2025-04-02,195.16,208.05,184.53,177.0,173.47,138.94,207.49
2025-04-03,200.06,208.61,188.06,178.87,176.23,134.03,204.14
2025-04-04,194.39,212.27,190.56,179.84,174.35,137.51,201.17
2025-04-05,196.17,209.48,190.21,183.4,171.44,138.44,198.42
2025-04-06,195.74,208.94,192.92,183.62,169.55,137.83,199.48
2025-04-07,196.29,213.69,191.57,178.71,170.89,140.83,197.88
2025-04-08,195.22,211.63,189.01,174.24,169.45,142.03,204.14
2025-04-09,195.66,211.26,193.95,176.25,169.19,142.36,210.07
2025-04-10,196.2,212.18,192.47,174.83,166.55,143.28,210.15
2025-04-11,194.6,209.13,194.52,176.06,171.58,142.53,216.42
2025-04-12,192.08,207.94,197.85,176.45,171.85,139.95,221.36
2025-04-13,190.88,208.4,200.34,176.1,174.9,142.04,219.98
2025-04-14,191.65,208.65,202.25,175.93,176.28,141.96,213.46
2025-04-15,193.47,212.76,204.41,173.74,176.26,138.28,212.87
2025-04-16,196.04,217.78,207.75,173.78,176.1,139.4,210.91
2025-04-17,194.68,215.09,208.85,172.35,174.27,139.56,211.67
2025-04-18,195.61,215.56,208.83,171.47,173.18,143.19,212.06
2025-04-19,198.53,217.85,204.64,170.72,170.65,143.83,212.37
2025-04-20,202.1,222.91,205.72,170.23,167.88,141.36,214.14
2025-04-21,202.02,225.43,209.0,172.67,173.22,137.63,210.36
2025-04-22,201.46,226.52,205.65,172.42,174.03,140.31,211.76
2025-04-23,202.13,228.9,205.05,175.15,177.94,140.25,210.47
2025-04-24,198.75,231.33,206.46,179.28,175.91,138.5,211.2
2025-04-25,198.27,228.23,211.25,181.67,172.7,137.07,214.34
2025-04-26,200.58,229.0,207.68,183.22,170.25,139.81,210.51
2025-04-27,202.62,234.13,210.26,184.21,169.26,140.87,209.73
2025-04-28,201.9,233.52,209.23,186.69,169.43,143.26,209.46
2025-04-29,202.66,234.09,207.22,187.03,169.13,143.86,207.95
2025-04-30,200.25,233.35,204.47,189.89,167.26,142.12,210.86
2025-05-01,202.46,225.37,202.57,191.73,167.56,146.0,208.69
2025-05-02,202.33,225.55,204.18,190.79,168.09,145.22,207.06
2025-05-03,201.59,226.69,203.59,193.45,169.94,147.04,204.95
2025-05-04,200.6,225.06,205.87,193.81,173.77,149.51,208.41
2025-05-05,200.51,221.27,202.51,193.6,172.91,149.6,206.98
2025-05-06,199.26,218.46,204.73,192.32,176.15,147.17,208.51
2025-05-07,201.33,221.07,206.16,192.89,176.41,145.75,214.79
2025-05-08,200.24,227.72,201.6,195.87,172.46,147.3,214.66
2025-05-09,205.12,232.56,206.26,198.58,177.16,148.56,218.35
2025-05-10,209.73,227.99,207.41,199.73,183.29,151.53,223.93
2025-05-11,207.03,231.02,209.9,201.63,185.08,154.19,227.49
2025-05-12,207.35,228.84,213.64,205.58,185.42,152.07,227.55
2025-05-13,205.43,226.96,216.85,205.22,184.76,155.44,229.86
2025-05-14,204.53,225.5,216.55,201.89,183.57,153.12,225.53
2025-05-15,210.78,228.0,219.02,205.93,186.99,154.56,223.01
2025-05-16,209.91,231.39,213.18,204.39,187.04,160.26,221.09
2025-05-17,211.15,231.17,214.55,202.38,191.83,161.09,228.64
2025-05-18,212.97,231.0,220.23,197.03,192.02,156.87,225.96
2025-05-19,209.88,232.73,218.04,198.81,190.93,156.18,223.27
2025-05-20,207.29,234.83,221.14,194.08,189.31,161.35,219.89
2025-05-21,203.64,239.09,227.14,191.99,187.29,160.93,221.84
2025-05-22,201.04,234.6,229.6,193.78,188.83,164.22,222.43
2025-05-23,192.55,234.79,233.24,195.98,185.25,161.94,226.17
2025-05-24,194.21,231.14,227.87,194.16,183.07,161.16,228.56
2025-05-25,200.3,231.08,224.79,193.87,186.8,160.72,223.94
2025-05-26,200.84,230.41,229.72,191.42,184.22,165.5,221.34
2025-05-27,196.67,230.37,233.14,189.95,186.7,164.83,225.98
2025-05-28,194.88,227.72,235.0,190.8,181.01,160.25,225.41
2025-05-29,193.63,222.75,234.18,189.46,185.04,166.05,229.53
2025-05-30,190.77,215.87,235.3,188.86,181.61,166.7,229.13
2025-05-31,193.33,215.55,241.55,184.8,179.31,168.42,225.92
2025-06-01,195.78,214.26,241.3,188.04,181.23,164.45,225.01
2025-06-02,192.48,212.2,243.95,189.57,182.06,165.17,221.85
2025-06-03,194.67,216.51,246.54,191.92,184.59,165.3,220.08
2025-06-04,199.23,213.83,244.2,195.73,181.14,162.98,220.86
2025-06-05,205.01,218.48,242.16,193.41,180.45,164.7,222.66
2025-06-06,213.93,223.91,247.83,192.46,178.87,160.56,217.46
2025-06-07,211.14,217.47,250.08,187.09,175.99,158.3,217.51
2025-06-08,220.19,217.88,247.65,196.0,177.65,161.26,215.71
2025-06-09,219.13,216.69,246.62,195.65,180.25,159.58,213.72
2025-06-10,217.29,207.33,243.09,198.8,179.43,158.48,214.25
2025-06-11,218.47,202.94,247.1,195.21,183.62,158.77,212.59
2025-06-12,216.67,205.4,246.29,198.22,181.54,157.97,217.1
2025-06-13,218.07,211.72,245.54,203.84,185.71,159.68,221.08
2025-06-14,213.86,214.7,248.76,203.76,187.37,160.18,225.11
2025-06-15,213.2,215.85,242.61,200.77,184.03,156.64,223.55
2025-06-16,217.42,215.89,242.6,200.46,189.59,155.0,220.43
2025-06-17,217.35,221.44,242.68,193.86,188.42,153.11,220.82
2025-06-18,217.92,228.69,241.76,193.85,191.92,152.13,220.43
2025-06-19,219.58,226.79,239.89,196.33,192.44,152.46,218.53
2025-06-20,223.54,220.1,237.46,196.33,193.61,153.23,214.78
2025-06-21,218.11,213.28,238.58,195.59,196.33,147.87,214.75
2025-06-22,220.13,217.62,235.09,197.23,198.92,150.22,213.56
2025-06-23,219.35,217.57,235.77,199.12,198.0,150.09,215.87
2025-06-24,220.01,218.28,233.94,194.26,199.67,147.64,218.13
2025-06-25,223.62,212.53,232.35,194.62,201.14,149.82,221.84
2025-06-26,219.72,210.23,233.15,201.82,201.89,145.16,217.76
2025-06-27,216.5,209.41,231.52,197.88,201.37,141.81,219.18
2025-06-28,210.32,210.16,236.04,197.73,202.11,146.41,216.9
2025-06-29,208.69,209.01,235.66,203.59,208.18,146.8,213.04
2025-06-30,212.96,205.86,239.48,207.06,207.36,145.25,211.78
2025-07-01,212.68,203.54,236.86,205.57,211.22,145.56,215.28
2025-07-02,208.51,207.33,234.2,206.31,209.36,145.24,214.18
2025-07-03,207.1,208.2,228.47,206.4,206.7,145.39,219.32
2025-07-04,202.58,210.22,226.9,204.19,216.96,146.53,221.23
2025-07-05,199.26,207.49,226.22,204.07,218.82,146.16,220.04
2025-07-06,200.52,198.4,226.59,203.31,220.8,147.01,223.98
2025-07-07,197.09,196.94,229.08,203.76,222.88,146.74,225.58
2025-07-08,200.48,194.48,231.34,201.57,227.69,145.01,222.54
2025-07-09,200.37,195.59,235.4,197.81,229.2,142.67,228.86
2025-07-10,200.72,205.33,232.38,197.79,232.12,145.57,229.86
2025-07-11,199.99,207.57,232.6,202.98,228.55,147.05,230.04
2025-07-12,202.41,216.2,229.23,203.33,232.04,149.41,227.21
2025-07-13,204.88,218.15,230.77,202.42,231.33,149.5,231.34
2025-07-14,206.02,216.2,237.13,204.81,233.78,150.08,233.25
2025-07-15,207.86,217.43,232.99,204.43,227.88,149.75,235.57
2025-07-16,207.31,223.35,235.51,210.26,230.15,152.43,233.89
2025-07-17,209.1,229.59,239.34,210.35,222.52,151.71,236.94
2025-07-18,208.14,227.73,236.25,212.66,221.71,149.55,240.29
2025-07-19,208.25,228.7,237.91,210.36,216.15,150.8,238.0
2025-07-20,207.5,223.92,236.75,212.06,218.31,150.53,233.06
2025-07-21,206.18,226.8,236.44,213.04,218.65,151.17,235.21
2025-07-22,204.15,232.19,235.16,212.96,216.23,152.85,229.78
2025-07-23,205.69,232.45,234.49,211.47,220.99,151.6,230.42
2025-07-24,209.83,230.24,238.67,209.55,218.13,151.18,228.99
2025-07-25,213.62,231.6,238.5,210.54,208.32,150.55,233.29
2025-07-26,209.7,233.16,236.47,212.63,210.03,153.53,232.03
2025-07-27,213.86,233.56,236.83,212.33,204.57,153.64,236.0
2025-07-28,212.95,234.31,229.41,213.35,202.02,154.08,234.3
2025-07-29,214.98,233.81,226.72,213.34,200.55,151.48,237.93
2025-07-30,212.16,237.42,231.08,213.76,196.37,153.22,245.4
2025-07-31,212.72,240.16,230.69,213.23,195.01,154.28,241.59
2025-08-01,213.83,236.74,229.15,213.39,191.0,152.43,242.77
2025-08-02,209.17,233.27,229.86,222.13,191.56,156.9,252.9
2025-08-03,211.18,232.5,232.51,223.28,188.12,157.77,253.28
2025-08-04,215.55,235.18,237.26,225.55,188.3,156.37,253.64
2025-08-05,215.1,235.82,235.78,227.15,191.68,156.45,256.77
2025-08-06,219.59,233.67,234.38,226.37,194.02,155.66,257.06
2025-08-07,219.08,234.7,233.71,230.87,193.88,159.34,250.6
2025-08-08,221.98,233.65,237.44,229.98,191.1,161.65,254.98
2025-08-09,214.7,236.86,237.76,233.74,191.66,162.83,247.45
2025-08-10,222.6,238.16,245.6,232.68,189.75,167.11,246.03
2025-08-11,227.7,237.15,245.13,229.45,190.42,164.59,250.61
2025-08-12,226.85,238.09,251.74,230.82,185.62,166.59,249.39
2025-08-13,220.25,242.91,248.49,227.11,187.96,168.04,246.92
2025-08-14,221.31,240.95,243.44,229.05,188.14,167.54,250.3
2025-08-15,216.63,242.53,243.19,225.06,194.47,167.06,247.23
2025-08-16,218.18,242.4,247.47,224.1,198.38,169.45,242.82
2025-08-17,219.64,244.07,245.82,219.39,200.16,171.7,243.94
2025-08-18,216.65,241.79,243.67,228.8,199.89,168.12,243.4
2025-08-19,220.4,242.32,247.54,223.24,197.8,172.79,238.98
2025-08-20,223.17,246.46,250.28,223.38,200.7,175.83,241.38
2025-08-21,226.55,243.12,247.43,227.32,200.11,175.18,243.18
2025-08-22,226.69,238.4,244.39,230.97,203.71,173.19,241.99
2025-08-23,221.99,233.9,247.56,234.04,205.04,176.16,241.06
2025-08-24,225.36,229.91,241.62,233.04,206.4,177.56,242.88
2025-08-25,224.56,232.07,245.65,237.88,208.34,179.56,247.33
2025-08-26,219.99,227.3,248.33,241.26,205.57,181.18,246.41
2025-08-27,224.56,226.39,239.95,242.15,202.52,184.57,248.95
2025-08-28,231.74,228.61,240.13,243.14,199.41,187.04,251.19
2025-08-29,231.72,230.15,233.12,242.15,202.65,185.63,254.63
2025-08-30,239.34,228.93,229.03,238.97,199.87,184.08,254.9
2025-08-31,239.79,229.7,227.41,243.53,197.51,185.15,251.54
2025-09-01,238.54,230.19,223.2,248.44,199.2,191.6,249.92
2025-09-02,236.4,229.53,230.74,245.27,198.55,191.27,251.33
2025-09-03,242.32,228.92,233.85,244.83,197.52,192.41,258.31
2025-09-04,239.61,236.71,238.76,244.42,196.23,195.08,256.57
2025-09-05,242.37,239.7,238.38,244.42,189.49,193.95,259.79
2025-09-06,240.46,248.74,238.6,244.78,186.83,196.37,258.65
2025-09-07,238.92,247.01,244.38,248.38,190.24,196.51,259.2
2025-09-08,242.73,246.82,246.09,245.72,188.79,200.29,265.23
2025-09-09,241.47,242.01,248.48,242.73,183.51,197.56,268.4
2025-09-10,240.12,239.19,245.2,247.35,180.82,204.51,263.54
2025-09-11,244.32,246.14,241.96,245.76,181.89,203.65,261.4
2025-09-12,250.3,244.33,243.03,241.22,182.91,205.35,266.46
2025-09-13,252.85,251.49,244.51,239.59,182.19,205.47,267.16
2025-09-14,250.49,246.92,240.97,238.52,180.4,202.25,262.69
2025-09-15,248.7,243.14,242.39,244.2,176.7,204.87,259.59
2025-09-16,249.12,242.02,238.07,247.71,177.76,204.16,262.46
2025-09-17,250.44,241.91,238.24,252.1,180.08,205.88,266.51
2025-09-18,246.86,245.38,233.22,255.33,183.65,203.49,266.71
2025-09-19,249.66,247.16,237.98,259.08,180.69,202.8,276.75
2025-09-20,250.1,245.74,236.99,256.54,184.48,202.01,280.31
2025-09-21,243.79,245.38,234.64,255.9,184.41,203.78,279.43
2025-09-22,240.52,244.32,230.73,252.23,184.58,204.82,276.15
2025-09-23,238.82,241.09,226.54,251.56,187.15,204.38,272.25
2025-09-24,238.68,238.0,228.14,254.27,185.72,203.35,273.75
2025-09-25,245.56,241.79,231.69,254.91,179.79,204.41,271.88
2025-09-26,246.56,235.28,234.95,260.05,181.78,205.12,278.85
2025-09-27,243.57,241.11,239.99,255.73,182.82,205.62,285.12
2025-09-28,244.5,239.99,246.4,257.77,181.92,211.79,287.97
2025-09-29,243.33,237.33,250.06,253.07,183.71,213.65,283.02
2025-09-30,244.64,240.08,248.3,253.56,186.08,219.93,280.31
2025-10-01,246.89,245.55,249.06,256.5,181.95,219.81,285.73
2025-10-02,251.49,249.79,240.75,255.8,182.11,219.76,283.46
2025-10-03,251.53,251.79,243.17,258.05,175.98,218.2,288.37
2025-10-04,257.84,256.02,243.84,254.46,175.74,219.3,290.57
2025-10-05,261.48,249.56,249.79,248.24,174.84,218.34,290.94
2025-10-06,258.83,247.73,247.13,250.44,176.22,216.91,288.02
2025-10-07,267.54,244.47,249.17,257.11,173.47,210.84,287.75
2025-10-08,268.99,249.08,245.54,253.4,172.46,215.58,288.71
2025-10-09,265.75,247.77,245.26,258.17,164.23,214.45,293.33
2025-10-10,272.47,251.04,239.37,258.47,165.68,219.3,289.58
2025-10-11,281.1,253.18,244.36,253.42,165.55,219.09,288.58
2025-10-12,281.1,250.03,248.34,249.25,165.85,221.32,288.92
2025-10-13,279.12,247.96,246.7,249.43,162.21,221.68,291.94
2025-10-14,278.54,252.89,247.79,248.04,163.26,223.17,288.11
2025-10-15,281.66,250.08,248.06,243.28,167.39,219.9,282.56
2025-10-16,287.2,250.67,245.9,237.22,167.01,223.91,285.56
2025-10-17,289.81,247.86,246.48,234.33,168.72,222.79,279.2
2025-10-18,290.39,246.81,244.97,235.12,166.61,226.0,284.72
2025-10-19,297.06,246.76,248.69,235.22,166.5,221.16,284.2
2025-10-20,295.82,243.99,248.03,233.57,162.76,218.77,277.74
2025-10-21,300.54,240.6,257.05,234.39,164.76,220.09,275.88
2025-10-22,299.39,241.75,256.88,238.17,165.24,219.66,277.59
2025-10-23,301.48,238.81,257.44,239.69,162.3,221.28,275.51
2025-10-24,301.11,236.02,259.61,239.38,160.43,222.08,275.73
2025-10-25,301.01,232.82,263.0,242.83,160.66,228.28,278.93
2025-10-26,299.46,232.66,263.44,239.45,162.96,230.24,278.22
2025-10-27,305.65,236.07,265.57,238.77,166.66,228.87,274.45
2025-10-28,302.44,241.52,266.43,238.16,166.41,227.63,273.35
2025-10-29,299.24,239.01,263.45,233.86,163.08,231.85,279.29
2025-10-30,308.91,246.84,259.44,232.51,163.75,226.66,286.49
2025-10-31,313.59,243.25,262.29,225.39,168.22,228.67,277.95
2025-11-01,302.53,247.32,268.39,231.97,164.21,224.96,282.64
2025-11-02,300.11,244.77,261.96,228.82,161.94,228.81,283.84
2025-11-03,292.11,241.69,256.46,234.38,163.5,227.44,287.92
2025-11-04,288.09,239.11,251.03,234.63,163.96,229.35,285.69
2025-11-05,274.67,239.05,254.07,236.74,162.7,229.6,278.25
2025-11-06,274.24,241.24,257.47,235.12,163.32,224.93,280.83
2025-11-07,269.68,243.79,253.83,235.97,165.8,227.21,277.01
2025-11-08,270.06,240.46,262.35,238.39,165.63,224.86,271.38
2025-11-09,263.61,237.01,260.97,240.88,165.26,227.68,266.15
2025-11-10,264.07,233.87,266.72,243.8,166.8,224.37,268.68
2025-11-11,262.56,233.6,270.09,242.58,166.2,225.3,269.37
2025-11-12,268.61,232.98,266.34,240.95,169.14,225.54,272.67
2025-11-13,274.43,229.77,264.81,235.31,174.36,223.62,275.54
2025-11-14,277.8,230.82,261.47,237.28,172.11,228.36,273.94
2025-11-15,276.57,238.77,256.33,241.25,168.97,228.59,273.79
2025-11-16,284.95,237.08,255.49,247.22,170.0,227.26,271.83
2025-11-17,278.45,235.65,251.02,248.47,166.81,228.39,271.1
2025-11-18,272.73,237.75,250.49,245.74,163.63,223.52,267.31
2025-11-19,272.52,235.88,257.88,239.61,158.68,231.85,269.0
2025-11-20,281.87,238.36,260.7,243.47,157.85,228.19,273.48
2025-11-21,281.16,235.91,258.65,237.03,157.85,230.19,270.26
2025-11-22,280.53,242.51,256.3,235.94,156.71,230.52,275.59
2025-11-23,274.6,243.89,254.89,235.26,160.05,234.71,276.2
2025-11-24,278.63,241.74,262.93,235.13,163.29,235.46,277.34
2025-11-25,282.76,239.73,258.77,235.38,168.1,233.32,270.41
2025-11-26,286.25,238.0,258.9,235.98,168.3,226.93,263.21
2025-11-27,283.69,243.02,260.83,227.55,171.37,220.99,263.91
2025-11-28,280.82,238.52,265.72,227.72,172.25,220.31,267.17
2025-11-29,275.51,236.25,264.53,220.21,172.88,224.95,264.61
2025-11-30,276.0,234.37,260.84,222.74,171.75,219.42,271.37
2025-12-01,271.66,234.44,262.1,221.0,166.01,225.61,274.5
2025-12-02,267.0,233.6,267.4,213.96,167.68,229.41,270.9
2025-12-03,265.44,228.49,266.44,211.45,170.66,224.88,271.16
2025-12-04,263.62,227.23,263.22,209.75,166.84,221.33,281.37
2025-12-05,261.63,227.01,263.78,213.6,166.9,218.17,276.27
2025-12-06,263.59,224.98,257.49,214.34,169.47,219.26,278.59
2025-12-07,264.03,227.41,256.78,215.55,168.64,219.19,277.38
2025-12-08,263.02,230.66,261.44,219.48,171.74,218.99,280.46
2025-12-09,263.88,230.51,265.0,219.27,171.47,217.44,285.94
2025-12-10,260.09,231.42,264.56,221.86,170.2,218.13,284.42
2025-12-11,260.63,224.03,271.28,224.25,173.48,220.98,289.34
2025-12-12,261.35,222.73,279.19,220.04,171.14,220.66,299.12
2025-12-13,255.58,226.2,282.11,225.01,169.36,218.58,299.57
2025-12-14,259.53,224.88,276.04,220.33,167.17,221.94,303.25
2025-12-15,256.23,222.5,268.39,223.47,164.39,221.32,300.71
2025-12-16,256.7,230.21,274.1,218.49,164.85,223.26,300.95
2025-12-17,261.31,236.61,275.24,220.57,163.66,223.04,300.3
2025-12-18,265.07,238.39,282.13,226.84,164.94,226.78,304.04
2025-12-19,265.34,242.58,276.61,226.23,160.73,231.09,309.69
2025-12-20,264.03,234.6,276.08,225.48,158.11,235.36,309.33
