date,BIL,IEF,SGOV,SHY,TLT
2024-08-08,99.83,161.2,100.12,85.06,163.83
2024-08-09,100.12,162.63,100.08,85.33,165.01
2024-08-10,100.01,163.69,99.92,84.88,165.03
2024-08-11,99.81,164.37,100.07,85.26,168.1
2024-08-12,100.0,163.26,99.98,84.49,167.29
2024-08-13,100.09,163.27,99.81,85.08,170.41
2024-08-14,99.99,161.6,99.81,85.07,170.54
2024-08-15,100.14,161.57,99.94,85.5,171.98
2024-08-16,100.1,155.99,100.0,84.94,176.26
2024-08-17,99.9,157.07,100.07,85.12,175.9
2024-08-18,100.09,156.87,100.12,85.16,178.75
2024-08-19,100.04,156.15,99.97,84.7,177.19
2024-08-20,100.09,156.75,100.13,85.12,177.88
2024-08-21,99.96,153.45,99.99,84.95,174.12
2024-08-22,100.04,157.97,99.89,84.84,172.89
2024-08-23,100.04,157.81,100.09,85.4,170.23
2024-08-24,99.9,157.54,99.9,85.14,173.43
2024-08-25,100.24,155.34,100.1,84.63,178.04
2024-08-26,100.13,155.47,99.98,85.12,177.18
2024-08-27,99.94,158.78,99.91,85.36,175.22
2024-08-28,100.0,161.33,99.98,84.77,171.85
2024-08-29,100.09,163.48,99.98,85.1,172.62
2024-08-30,100.12,164.9,100.2,84.92,171.15
2024-08-31,100.17,164.1,99.93,84.67,169.82
2024-09-01,99.91,160.61,99.88,84.83,174.06
2024-09-02,100.09,160.2,99.99,84.92,173.37
2024-09-03,99.97,159.72,100.0,85.1,174.99
2024-09-04,100.19,162.31,99.96,84.71,175.21
2024-09-05,99.94,163.15,100.08,84.82,171.74
2024-09-06,100.05,167.17,100.05,84.82,167.07
2024-09-07,99.96,170.26,100.06,84.98,168.38
2024-09-08,99.94,169.18,100.02,85.07,172.76
2024-09-09,100.26,164.71,99.99,84.9,173.67
2024-09-10,99.93,168.21,100.11,84.88,175.38
2024-09-11,100.12,171.73,99.89,84.69,173.09
2024-09-12,100.04,168.29,100.08,84.93,175.81
2024-09-13,99.87,172.19,100.07,84.79,178.54
2024-09-14,100.0,173.26,99.98,85.33,176.77
2024-09-15,100.13,173.76,100.12,85.02,178.3
2024-09-16,100.05,178.06,99.9,85.29,173.67
2024-09-17,100.07,181.74,99.98,85.03,175.64
2024-09-18,100.05,183.61,99.8,84.99,174.22
2024-09-19,100.18,185.0,99.97,85.02,171.1
2024-09-20,100.18,186.81,100.16,84.87,172.22
2024-09-21,100.05,185.78,99.9,85.29,167.73
2024-09-22,99.91,185.72,99.84,84.88,168.67
2024-09-23,99.79,183.3,100.11,84.69,165.89
2024-09-24,99.97,182.47,99.96,84.86,162.62
2024-09-25,100.06,181.56,99.81,84.79,162.85
2024-09-26,99.92,179.92,99.79,85.24,162.51
2024-09-27,100.07,180.38,99.89,84.89,166.14
2024-09-28,100.04,179.59,99.99,84.96,163.02
2024-09-29,99.99,181.04,99.93,85.08,166.47
2024-09-30,99.97,176.72,100.24,85.09,163.71
2024-10-01,100.1,176.51,100.02,85.44,166.05
2024-10-02,99.94,176.95,99.96,84.52,168.89
2024-10-03,99.96,176.21,99.98,84.65,169.79
2024-10-04,100.0,175.84,99.91,84.9,167.86
2024-10-05,99.92,171.75,99.94,85.06,164.11
2024-10-06,100.1,172.75,99.92,85.11,159.39
2024-10-07,100.02,174.52,100.05,84.63,163.89
2024-10-08,99.87,175.9,99.8,85.29,163.25
2024-10-09,100.15,178.73,99.98,85.28,160.62
2024-10-10,99.85,179.35,99.96,84.62,157.95
2024-10-11,100.03,180.73,99.85,85.26,158.42
2024-10-12,100.09,181.25,99.88,85.05,157.57
2024-10-13,100.05,183.21,100.08,84.86,153.11
2024-10-14,100.04,178.96,99.86,84.8,155.17
2024-10-15,100.08,176.65,99.9,84.71,156.03
2024-10-16,100.17,180.95,99.88,85.07,160.41
2024-10-17,99.98,174.36,100.0,85.0,163.24
2024-10-18,99.81,174.08,100.09,84.63,155.73
2024-10-19,99.87,177.23,100.04,85.13,159.12
2024-10-20,99.92,177.07,100.13,84.49,162.08
2024-10-21,100.07,176.08,99.99,84.69,160.37
2024-10-22,99.96,176.51,100.12,84.83,159.41
2024-10-23,99.94,175.66,99.84,84.98,160.48
2024-10-24,99.96,175.83,100.09,84.89,158.12
2024-10-25,100.06,174.12,99.88,85.59,157.62
2024-10-26,100.03,177.1,99.94,85.1,160.06
2024-10-27,100.06,180.97,100.02,85.2,161.39
2024-10-28,100.04,180.7,99.99,85.43,159.85
2024-10-29,99.96,177.03,100.01,84.85,162.38
2024-10-30,99.76,175.73,99.93,85.62,163.2
2024-10-31,99.9,175.33,99.9,85.12,163.94
2024-11-01,100.01,176.75,99.87,84.67,162.76
2024-11-02,100.04,174.17,100.04,84.97,162.82
2024-11-03,99.9,172.24,100.14,85.28,161.01
2024-11-04,100.0,173.65,100.13,85.3,156.41
2024-11-05,100.02,176.18,100.01,85.17,155.83
2024-11-06,99.85,174.63,100.01,85.29,155.62
2024-11-07,99.98,171.22,100.0,84.67,156.02
2024-11-08,99.98,179.74,99.92,84.91,158.94
2024-11-09,99.9,181.94,99.94,84.87,157.46
2024-11-10,99.93,181.31,100.0,85.24,156.67
2024-11-11,100.02,183.76,100.1,84.64,158.55
2024-11-12,99.86,183.51,99.78,84.97,156.84
2024-11-13,99.88,185.99,99.91,84.85,157.28
2024-11-14,99.93,186.53,100.07,85.03,156.39
2024-11-15,100.12,186.87,100.05,84.75,155.9
2024-11-16,100.14,186.65,100.04,85.45,157.75
2024-11-17,100.03,182.69,99.96,84.82,156.95
2024-11-18,100.11,188.09,99.91,84.94,158.89
2024-11-19,100.01,185.53,100.07,85.44,154.31
2024-11-20,100.02,181.84,100.01,85.28,151.08
2024-11-21,100.14,181.35,99.96,84.86,145.9
2024-11-22,100.07,178.82,99.91,84.9,143.42
2024-11-23,99.94,178.77,100.2,85.22,147.49
2024-11-24,100.02,180.71,99.93,85.03,147.53
2024-11-25,99.91,183.5,100.07,85.03,146.0
2024-11-26,99.88,185.83,100.02,84.98,147.79
2024-11-27,99.93,185.07,100.15,84.85,149.91
2024-11-28,100.03,185.3,99.98,85.23,147.24
2024-11-29,100.0,186.53,100.02,84.63,152.83
2024-11-30,100.03,181.7,99.9,85.68,153.54
2024-12-01,99.92,183.35,100.13,84.95,154.55
2024-12-02,100.2,179.43,100.12,84.78,155.78
2024-12-03,100.09,185.01,100.23,84.98,157.01
2024-12-04,99.89,183.98,99.98,84.86,155.63
2024-12-05,99.99,183.57,99.98,85.07,160.64
2024-12-06,99.83,181.54,100.1,84.58,160.03
2024-12-07,99.97,179.91,99.99,85.26,162.41
2024-12-08,100.08,186.14,100.07,84.53,161.33
2024-12-09,99.98,188.86,100.09,85.24,159.83
2024-12-10,100.09,184.57,100.11,85.16,164.47
2024-12-11,99.98,188.82,99.82,84.89,164.29
2024-12-12,99.93,192.3,100.16,85.24,164.29
2024-12-13,100.36,191.58,99.92,84.97,165.07
2024-12-14,99.88,192.56,99.96,85.26,171.59
2024-12-15,100.06,192.61,99.83,85.22,177.26
2024-12-16,100.04,198.41,100.03,85.26,180.76
2024-12-17,100.04,196.14,99.95,84.6,188.59
2024-12-18,99.89,196.66,100.05,85.0,186.01
2024-12-19,99.81,195.5,99.95,85.27,187.94
2024-12-20,99.93,191.39,100.0,85.29,188.24
2024-12-21,100.04,197.78,99.91,84.59,183.34
2024-12-22,100.08,194.38,100.16,84.97,184.71
2024-12-23,99.99,195.11,100.07,84.86,183.44
2024-12-24,99.98,190.12,100.11,85.16,187.75
2024-12-25,99.9,189.07,100.05,84.99,186.73
2024-12-26,99.9,190.37,99.98,85.06,185.56
2024-12-27,99.88,188.11,100.17,84.93,189.92
2024-12-28,100.12,189.86,99.89,85.0,189.83
2024-12-29,99.85,189.18,99.91,85.23,193.23
2024-12-30,100.29,192.57,99.93,85.14,194.56
2024-12-31,99.97,196.6,100.23,85.12,195.94
2025-01-01,100.04,194.97,99.88,85.41,195.32
2025-01-02,99.81,195.29,99.98,84.96,196.89
2025-01-03,99.83,195.93,99.89,85.31,196.6
2025-01-04,99.97,197.84,99.97,85.03,194.32
2025-01-05,99.94,197.99,100.09,84.86,194.12
2025-01-06,100.01,198.65,100.16,85.11,197.96
2025-01-07,100.06,198.02,100.03,85.08,199.65
2025-01-08,100.02,198.46,99.78,84.86,202.06
2025-01-09,99.92,202.43,99.98,84.95,202.16
2025-01-10,100.14,204.49,99.97,85.35,196.39
2025-01-11,100.19,206.74,100.07,84.98,192.89
2025-01-12,99.99,209.09,100.12,85.01,192.15
2025-01-13,99.91,208.71,99.84,85.03,188.97
2025-01-14,99.96,209.81,99.96,84.91,187.58
2025-01-15,99.93,206.5,100.05,84.94,186.1
2025-01-16,99.94,210.54,100.13,85.23,184.71
2025-01-17,99.84,201.85,100.02,84.96,188.78
2025-01-18,99.91,201.69,100.0,84.95,188.73
2025-01-19,99.9,205.24,100.01,84.77,191.47
2025-01-20,99.87,201.15,99.86,84.9,192.03
2025-01-21,99.88,202.45,99.97,84.95,196.21
2025-01-22,100.0,200.49,100.06,85.44,199.31
2025-01-23,100.21,199.48,99.94,84.53,197.64
2025-01-24,100.22,202.41,99.98,84.91,203.56
2025-01-25,100.06,203.11,100.08,84.68,202.27
2025-01-26,99.91,197.02,99.87,84.84,202.98
2025-01-27,99.91,194.23,100.06,84.86,204.23
2025-01-28,100.04,197.17,99.9,84.55,205.83
2025-01-29,99.96,198.59,100.09,84.76,208.39
2025-01-30,99.97,203.9,100.0,85.38,206.13
2025-01-31,99.98,209.15,99.94,84.81,208.43
2025-02-01,100.02,208.18,100.13,84.65,210.35
2025-02-02,99.9,216.1,100.05,85.16,210.46
2025-02-03,99.84,216.29,99.87,84.9,209.97
2025-02-04,100.07,213.27,100.03,84.8,207.53
2025-02-05,100.0,211.35,99.99,84.75,209.12
2025-02-06,99.94,204.3,100.03,84.68,207.16
2025-02-07,100.13,209.33,99.76,85.42,208.0
2025-02-08,100.08,214.44,99.9,85.12,207.79
2025-02-09,100.1,211.28,100.11,85.46,203.73
2025-02-10,99.88,210.67,100.09,84.83,200.98
2025-02-11,99.86,211.07,99.86,85.15,202.3
2025-02-12,99.98,208.14,100.05,84.88,200.81
2025-02-13,100.03,202.76,100.12,84.43,199.23
2025-02-14,100.19,202.23,99.92,84.89,197.05
2025-02-15,100.16,201.35,99.96,85.16,194.99
2025-02-16,99.87,200.28,99.92,84.84,199.89
2025-02-17,99.86,201.05,99.94,84.93,196.63
2025-02-18,99.9,205.46,99.87,85.19,201.08
2025-02-19,100.07,204.63,100.04,84.77,200.18
2025-02-20,100.02,205.25,100.13,84.64,198.32
2025-02-21,99.99,207.6,100.1,85.27,199.56
2025-02-22,99.94,209.42,99.83,84.81,199.82
2025-02-23,99.95,207.6,99.92,84.68,199.32
2025-02-24,100.15,208.0,99.89,84.76,200.08
2025-02-25,100.06,209.82,100.01,84.89,200.29
2025-02-26,99.91,206.37,100.03,85.26,199.74
2025-02-27,100.03,210.38,100.15,84.53,202.65
2025-02-28,99.85,215.01,99.89,85.2,198.35
2025-03-01,100.09,212.78,99.84,85.32,195.73
2025-03-02,99.98,213.51,100.11,85.01,193.51
2025-03-03,100.11,215.67,100.07,84.96,190.54
2025-03-04,100.01,214.01,100.05,84.75,190.88
2025-03-05,100.04,215.67,100.25,84.96,192.42
2025-03-06,100.03,216.3,99.89,84.6,186.85
2025-03-07,99.8,211.65,100.13,84.48,185.62
2025-03-08,100.08,213.21,99.94,85.08,184.82
2025-03-09,99.88,209.8,99.93,85.06,184.12
2025-03-10,100.21,212.86,99.93,84.78,180.66
2025-03-11,99.91,210.82,100.06,84.98,179.9
2025-03-12,99.91,210.42,99.83,84.71,177.53
2025-03-13,100.06,214.86,100.22,84.61,176.73
2025-03-14,100.08,216.56,99.96,85.0,172.26
2025-03-15,99.8,213.16,99.96,85.36,171.5
2025-03-16,99.93,210.03,100.07,84.98,169.73
2025-03-17,99.94,208.24,99.84,84.66,169.15
2025-03-18,100.11,209.58,100.03,84.67,170.0
2025-03-19,99.96,210.81,99.88,85.73,169.97
2025-03-20,100.08,208.25,100.02,85.09,172.08
2025-03-21,99.94,204.71,99.98,84.98,171.23
2025-03-22,99.88,205.68,99.94,84.94,172.91
2025-03-23,100.19,205.22,99.92,85.27,175.91
2025-03-24,99.75,211.96,99.95,84.73,176.72
2025-03-25,99.95,212.18,99.92,84.83,176.76
2025-03-26,100.11,218.06,100.07,85.11,177.94
2025-03-27,99.92,214.34,99.98,84.81,178.86
2025-03-28,100.21,209.39,99.87,85.13,181.63
2025-03-29,99.9,205.98,99.9,84.91,183.89
2025-03-30,100.12,209.76,99.96,84.96,186.2
2025-03-31,99.97,215.39,100.07,85.05,186.42
2025-04-01,100.07,212.97,100.13,85.13,187.46
2025-04-02,100.1,211.6,99.87,84.96,188.46
2025-04-03,100.01,208.0,100.02,85.14,185.15
2025-04-04,100.17,202.45,99.97,85.08,188.21
2025-04-05,100.12,204.73,100.09,84.79,183.59
2025-04-06,99.97,205.52,99.99,85.07,185.64
2025-04-07,99.92,205.66,99.86,84.86,186.48
2025-04-08,99.92,201.44,99.99,85.04,185.78
2025-04-09,99.81,206.5,99.89,85.44,186.96
2025-04-10,100.13,205.04,100.03,84.93,188.23
2025-04-11,99.94,206.78,100.15,85.01,184.63
2025-04-12,100.04,202.37,100.21,84.71,188.64
2025-04-13,100.08,201.9,100.11,85.48,188.94
2025-04-14,100.25,202.88,99.77,84.84,195.59
2025-04-15,100.05,203.98,99.88,85.03,198.01
2025-04-16,100.08,204.55,100.08,84.57,198.26
2025-04-17,100.1,206.17,100.14,85.5,196.3
2025-04-18,99.88,202.78,100.04,85.36,196.07
2025-04-19,99.95,203.48,99.89,85.02,196.61
2025-04-20,100.03,203.93,100.13,84.97,201.03
2025-04-21,100.13,204.74,100.09,84.96,204.83
2025-04-22,99.96,205.07,100.1,85.26,206.32
2025-04-23,99.98,201.25,100.17,85.42,211.9
2025-04-24,99.9,197.37,99.98,85.05,205.6
2025-04-25,99.88,190.92,99.97,85.26,207.13
2025-04-26,99.93,193.35,99.99,84.72,211.13
2025-04-27,100.17,195.85,99.97,85.1,212.97
2025-04-28,99.95,198.43,100.07,84.96,208.82
2025-04-29,100.1,199.44,100.13,85.42,213.28
2025-04-30,99.96,193.16,100.06,85.12,215.82
2025-05-01,99.81,190.28,99.98,84.81,217.04
2025-05-02,99.88,190.86,100.12,84.83,217.43
2025-05-03,100.1,191.34,99.88,84.78,224.05
2025-05-04,100.04,190.8,100.11,85.01,225.65
2025-05-05,100.19,191.95,99.88,84.96,224.95
2025-05-06,99.84,192.08,100.02,85.04,222.32
2025-05-07,99.9,192.53,99.97,84.91,224.96
2025-05-08,100.01,190.78,100.27,84.92,228.4
2025-05-09,100.07,193.68,100.12,84.77,228.71
2025-05-10,100.14,192.53,100.05,85.02,226.91
2025-05-11,100.08,188.78,100.03,84.61,231.55
2025-05-12,99.89,186.69,100.05,84.72,228.58
2025-05-13,100.07,185.81,100.07,85.48,235.45
2025-05-14,99.96,188.67,99.93,85.49,232.97
2025-05-15,99.84,188.65,99.92,85.39,228.62
2025-05-16,100.09,188.21,99.98,84.92,224.79
2025-05-17,100.08,184.78,100.14,84.73,221.16
2025-05-18,99.91,187.05,99.96,85.04,220.49
2025-05-19,100.19,185.32,100.03,84.72,219.05
2025-05-20,100.0,185.13,99.98,84.92,222.52
2025-05-21,100.0,189.34,100.16,85.39,225.58
2025-05-22,99.94,190.87,100.02,84.93,224.94
2025-05-23,99.99,186.31,99.91,84.97,235.52
2025-05-24,100.09,181.46,100.13,84.89,234.8
2025-05-25,99.84,181.37,99.99,85.3,234.55
2025-05-26,100.09,178.16,100.01,84.73,230.18
2025-05-27,99.86,179.99,100.11,84.98,230.01
2025-05-28,100.03,180.19,99.87,85.07,231.15
2025-05-29,100.06,180.73,99.87,84.9,227.16
2025-05-30,100.13,178.9,99.9,85.4,225.58
2025-05-31,100.11,183.66,100.04,85.26,226.8
2025-06-01,99.8,191.59,99.99,84.94,225.13
2025-06-02,100.09,190.88,100.06,85.39,222.76
2025-06-03,100.11,191.99,99.92,85.52,225.48
2025-06-04,99.84,192.36,99.82,85.18,221.26
2025-06-05,100.04,191.71,100.28,85.68,217.76
2025-06-06,99.94,189.41,99.92,84.97,218.45
2025-06-07,100.07,186.43,99.88,84.68,221.33
2025-06-08,100.11,183.34,100.09,85.15,222.46
2025-06-09,100.08,184.55,99.86,85.07,221.82
2025-06-10,99.95,183.2,99.82,85.38,220.91
2025-06-11,100.13,176.21,99.94,84.91,224.37
2025-06-12,100.05,177.47,100.18,85.0,227.38
2025-06-13,99.79,177.46,100.25,84.84,227.66
2025-06-14,100.02,181.13,100.07,84.47,226.83
2025-06-15,100.13,182.24,99.96,85.31,227.06
2025-06-16,100.01,178.29,99.95,85.26,224.7
2025-06-17,99.99,172.41,99.96,85.28,224.3
2025-06-18,100.01,170.64,100.05,85.06,222.77
2025-06-19,99.92,169.13,99.8,85.02,222.54
2025-06-20,100.06,171.6,99.89,85.16,221.14
2025-06-21,100.14,171.67,99.86,85.09,222.99
2025-06-22,99.93,174.67,100.04,85.09,225.84
2025-06-23,100.25,171.29,99.78,84.51,224.66
2025-06-24,100.07,173.85,100.17,85.05,222.04
2025-06-25,100.02,175.82,100.05,85.06,224.52
2025-06-26,100.03,170.58,99.88,84.89,225.25
2025-06-27,99.75,174.05,100.01,85.2,224.13
2025-06-28,100.12,174.39,100.03,84.78,228.86
2025-06-29,100.14,175.5,100.0,84.99,227.04
2025-06-30,100.2,173.31,100.06,85.01,220.37
2025-07-01,99.96,176.71,99.91,85.09,218.14
2025-07-02,100.1,173.66,100.1,85.11,223.54
2025-07-03,99.89,175.91,100.04,84.51,222.59
2025-07-04,100.07,178.16,100.06,85.07,220.98
2025-07-05,99.79,175.65,100.12,84.82,221.18
2025-07-06,100.03,180.96,100.34,85.03,224.64
2025-07-07,100.04,181.68,99.74,85.11,224.47
2025-07-08,100.04,183.55,99.94,84.53,226.58
2025-07-09,99.95,179.44,100.01,85.18,226.05
2025-07-10,99.93,185.23,99.9,85.22,228.19
2025-07-11,100.07,181.92,100.0,85.12,228.92
2025-07-12,99.94,184.81,99.86,84.67,227.67
2025-07-13,99.97,182.14,100.0,85.11,228.67
2025-07-14,99.99,180.54,100.06,84.98,226.92
2025-07-15,99.92,182.77,99.99,85.2,222.34
2025-07-16,99.97,185.68,99.93,85.47,222.39
2025-07-17,100.03,182.23,100.01,84.62,218.2
2025-07-18,99.94,185.3,100.09,85.36,220.26
2025-07-19,99.93,188.3,100.07,85.05,220.25
2025-07-20,99.87,185.74,99.9,84.97,225.06
2025-07-21,100.06,190.29,99.82,85.09,224.06
2025-07-22,99.81,186.23,100.14,85.09,224.1
2025-07-23,100.0,184.58,100.05,85.33,219.27
2025-07-24,100.03,185.99,99.91,84.96,215.75
2025-07-25,99.97,183.71,100.01,84.9,210.43
2025-07-26,99.95,184.53,99.94,84.85,213.93
2025-07-27,100.0,185.28,100.03,85.13,212.57
2025-07-28,100.1,184.86,100.12,85.25,216.9
2025-07-29,99.98,187.26,99.97,84.85,208.29
2025-07-30,100.13,186.71,100.06,85.34,213.23
2025-07-31,99.99,187.45,100.1,85.16,213.12
2025-08-01,99.9,190.77,99.83,84.65,214.31
2025-08-02,100.08,193.13,100.01,84.66,211.0
2025-08-03,99.99,195.5,99.96,84.94,212.78
2025-08-04,100.05,192.23,99.9,85.15,211.69
2025-08-05,100.22,193.84,99.89,85.21,208.01
2025-08-06,99.98,191.38,99.94,85.2,204.34
2025-08-07,99.93,187.8,100.0,85.22,200.69
2025-08-08,100.04,187.69,100.06,84.48,201.93
2025-08-09,100.14,185.24,99.93,84.51,200.11
2025-08-10,99.91,187.53,99.86,84.96,195.29
2025-08-11,99.99,189.91,99.89,85.3,196.46
2025-08-12,100.03,184.59,99.72,84.84,190.16
2025-08-13,99.97,182.39,100.05,84.89,194.05
2025-08-14,100.02,178.48,99.9,85.17,199.92
2025-08-15,99.91,177.33,100.07,85.29,196.09
2025-08-16,100.15,178.63,99.9,85.4,199.28
2025-08-17,99.9,178.07,100.05,84.95,200.43
2025-08-18,100.07,176.59,100.08,85.01,199.02
2025-08-19,99.93,180.12,99.69,85.39,197.77
2025-08-20,99.84,173.98,100.11,85.03,199.81
2025-08-21,99.8,177.3,100.02,85.62,199.79
2025-08-22,100.1,175.94,99.9,84.82,192.11
2025-08-23,100.03,175.82,100.07,85.48,198.18
2025-08-24,99.78,174.52,100.05,84.43,199.57
2025-08-25,100.06,178.64,100.2,85.32,199.52
2025-08-26,100.19,175.43,99.85,85.27,197.47
2025-08-27,100.01,175.55,100.15,85.3,197.0
2025-08-28,100.04,177.03,100.15,84.81,200.85
2025-08-29,100.01,172.84,99.92,84.7,201.74
2025-08-30,99.84,170.54,100.05,85.28,202.98
2025-08-31,99.95,170.25,99.85,84.97,199.28
2025-09-01,99.98,168.07,100.03,85.59,198.33
2025-09-02,100.04,166.1,100.0,84.85,198.58
2025-09-03,99.79,165.31,100.05,84.8,200.76
2025-09-04,100.09,167.0,99.86,85.3,199.61
2025-09-05,99.84,166.23,99.95,85.24,202.48
2025-09-06,99.89,169.0,99.95,85.08,199.11
2025-09-07,99.99,166.55,100.06,84.82,199.42
2025-09-08,100.06,163.51,99.93,85.08,199.22
2025-09-09,100.1,168.32,100.12,84.94,194.79
2025-09-10,100.03,166.74,99.95,85.01,194.75
2025-09-11,99.97,163.54,99.71,85.42,193.15
2025-09-12,99.77,159.35,100.06,84.89,197.34
2025-09-13,99.82,162.0,100.19,84.54,196.22
2025-09-14,100.04,161.25,100.12,85.03,197.36
2025-09-15,99.88,160.72,100.14,84.68,193.81
2025-09-16,99.95,160.42,99.84,85.28,194.59
2025-09-17,100.05,162.93,99.94,84.84,193.48
2025-09-18,99.9,162.58,100.04,85.23,191.32
2025-09-19,100.0,168.37,99.96,85.09,199.55
2025-09-20,100.16,168.8,99.93,85.22,198.59
2025-09-21,100.07,171.57,100.09,84.86,198.06
2025-09-22,99.99,173.73,99.93,84.84,200.84
2025-09-23,99.97,173.72,100.09,84.97,198.63
2025-09-24,99.95,172.28,100.09,85.35,199.93
2025-09-25,99.92,173.22,99.94,84.75,201.56
2025-09-26,99.84,174.63,99.94,84.91,202.4
2025-09-27,99.88,173.22,99.95,85.15,209.47
2025-09-28,100.12,173.74,100.02,85.01,207.05
2025-09-29,99.98,177.05,99.97,84.82,211.93
2025-09-30,100.07,182.63,100.09,85.43,213.53
2025-10-01,100.05,185.06,100.25,85.07,216.55
2025-10-02,100.06,190.33,99.89,84.84,217.77
2025-10-03,99.94,188.63,100.21,85.2,224.02
2025-10-04,99.96,190.71,99.9,85.11,223.05
2025-10-05,100.03,194.63,99.91,85.01,224.83
2025-10-06,99.81,192.11,99.97,84.94,229.34
2025-10-07,100.05,190.81,99.97,84.79,227.53
2025-10-08,100.21,195.88,100.03,85.23,231.06
2025-10-09,99.9,193.11,99.92,84.97,231.11
2025-10-10,100.15,189.32,100.05,85.06,226.95
2025-10-11,100.02,193.76,100.06,85.01,222.12
2025-10-12,99.93,197.33,99.92,84.95,221.93
2025-10-13,100.04,198.71,100.15,84.9,225.34
2025-10-14,99.98,198.67,100.07,84.79,218.42
2025-10-15,100.04,197.46,100.19,84.81,219.19
2025-10-16,99.96,198.4,99.91,85.19,222.23
2025-10-17,99.97,203.2,100.08,84.91,218.08
2025-10-18,100.14,204.03,100.0,85.21,216.12
2025-10-19,100.12,210.76,99.96,85.52,218.08
2025-10-20,99.98,208.03,99.87,84.77,220.97
2025-10-21,99.91,208.07,100.06,85.32,226.39
2025-10-22,100.13,207.01,99.89,85.35,224.52
2025-10-23,100.11,203.74,99.82,84.97,221.88
2025-10-24,99.96,203.38,100.01,85.05,227.49
2025-10-25,99.95,204.75,99.88,84.99,225.03
2025-10-26,99.83,206.47,100.04,85.11,226.86
2025-10-27,99.88,213.29,100.13,85.06,234.4
2025-10-28,100.02,214.88,99.88,85.02,237.16
2025-10-29,100.15,218.7,99.97,85.23,240.07
2025-10-30,99.96,219.02,99.89,85.06,244.79
2025-10-31,100.15,224.65,100.01,85.32,246.84
2025-11-01,99.9,232.84,100.06,84.58,249.88
2025-11-02,100.0,234.81,99.92,85.02,248.72
2025-11-03,100.24,231.43,100.03,85.29,253.17
2025-11-04,100.15,229.64,99.99,84.84,254.87
2025-11-05,99.89,230.73,99.96,84.85,249.35
2025-11-06,99.99,232.43,99.84,85.17,250.38
2025-11-07,99.99,234.98,100.02,85.19,242.36
2025-11-08,99.94,236.72,99.99,85.0,245.07
2025-11-09,100.0,236.86,100.13,85.39,244.34
2025-11-10,99.93,234.72,99.99,84.97,251.44
2025-11-11,99.88,236.25,99.92,85.0,253.42
2025-11-12,100.02,242.94,99.93,84.96,257.06
2025-11-13,100.01,246.78,99.95,84.79,253.14
2025-11-14,99.96,248.88,100.05,84.88,255.86
2025-11-15,100.04,252.85,99.94,84.82,253.53
2025-11-16,100.01,251.57,100.03,84.61,257.81
2025-11-17,100.05,249.77,99.91,85.09,253.61
2025-11-18,100.12,247.1,99.9,85.25,254.16
2025-11-19,99.99,246.76,100.0,84.85,249.87
2025-11-20,99.93,245.32,99.9,85.04,250.47
2025-11-21,100.01,249.89,100.18,84.76,258.19
2025-11-22,99.99,248.23,100.16,84.77,261.11
2025-11-23,99.99,245.37,100.01,84.72,261.11
2025-11-24,100.1,252.64,99.86,85.09,251.6
2025-11-25,99.98,251.05,100.15,84.98,249.71
2025-11-26,99.88,251.76,99.84,84.95,251.61
2025-11-27,99.87,253.59,100.06,85.22,249.81
2025-11-28,99.97,249.39,100.06,85.24,255.28
2025-11-29,99.76,254.14,100.12,85.43,255.68
2025-11-30,100.06,256.69,100.05,84.63,259.94
2025-12-01,100.04,262.82,100.07,85.22,260.87
2025-12-02,100.13,260.28,99.91,84.55,259.92
2025-12-03,99.93,260.79,99.99,85.02,258.22
2025-12-04,100.16,261.08,99.98,84.87,254.43
2025-12-05,100.06,262.24,100.05,85.44,258.74
2025-12-06,99.95,256.65,99.96,84.81,257.21
2025-12-07,100.02,257.21,99.92,84.73,259.35
2025-12-08,99.85,251.83,100.16,85.27,257.43
2025-12-09,99.96,253.31,100.14,85.3,253.38
2025-12-10,99.88,245.35,100.09,84.88,255.62
2025-12-11,100.03,238.66,100.04,84.81,252.88
2025-12-12,100.01,241.71,100.01,85.29,251.49
2025-12-13,99.97,239.84,99.91,85.12,246.9
2025-12-14,99.93,236.41,99.94,85.25,245.2
2025-12-15,99.89,241.04,100.11,85.53,245.41
2025-12-16,99.99,242.34,100.06,85.18,244.48
2025-12-17,99.98,245.63,99.98,85.39,247.6
2025-12-18,100.06,245.14,99.96,85.25,248.26
2025-12-19,100.05,255.12,100.02,84.76,259.89
2025-12-20,99.82,252.93,100.06,85.26,261.67
