wave,horizon,total_alpha,selection_alpha,momentum_alpha,volatility_alpha,regime_alpha,exposure_alpha,residual_alpha
UNKNOWN_WAVE,30,-0.0236526130892374,-0.009461045235694961,-0.00591315327230935,-0.0023652613089237403,-0.0023652613089237403,-0.0023652613089237403,-0.0011826306544618671
UNKNOWN_WAVE,60,-0.0123744489728565,-0.004949779589142601,-0.003093612243214125,-0.0012374448972856502,-0.0012374448972856502,-0.0012374448972856502,-0.0006187224486428264
UNKNOWN_WAVE,365,0.1923763286452176,0.07695053145808704,0.0480940821613044,0.01923763286452176,0.01923763286452176,0.01923763286452176,0.00961881643226084
UNKNOWN_WAVE,30,-0.0021522819929048,-0.0008609127971619199,-0.0005380704982262,-0.00021522819929047999,-0.00021522819929047999,-0.00021522819929047999,-0.00010761409964523978
UNKNOWN_WAVE,60,0.0448227882231355,0.0179291152892542,0.011205697055783875,0.00448227882231355,0.00448227882231355,0.00448227882231355,0.0022411394111567784
UNKNOWN_WAVE,365,0.2795121123905244,0.11180484495620978,0.0698780280976311,0.027951211239052445,0.027951211239052445,0.027951211239052445,0.01397560561952621
UNKNOWN_WAVE,30,0.1037353073265141,0.04149412293060564,0.025933826831628527,0.01037353073265141,0.01037353073265141,0.01037353073265141,0.005186765366325716
UNKNOWN_WAVE,60,-0.3140773044013873,-0.12563092176055493,-0.07851932610034683,-0.03140773044013873,-0.03140773044013873,-0.03140773044013873,-0.01570386522006939
UNKNOWN_WAVE,365,-0.7014966799457402,-0.2805986719782961,-0.17537416998643504,-0.07014966799457402,-0.07014966799457402,-0.07014966799457402,-0.03507483399728706
UNKNOWN_WAVE,30,-0.022647607660682,-0.0090590430642728,-0.0056619019151705,-0.0022647607660682,-0.0022647607660682,-0.0022647607660682,-0.0011323803830340998
UNKNOWN_WAVE,60,-0.1207856832886128,-0.048314273315445126,-0.0301964208221532,-0.012078568328861282,-0.012078568328861282,-0.012078568328861282,-0.006039284164430628
UNKNOWN_WAVE,365,-0.0443818321326709,-0.01775273285306836,-0.011095458033167725,-0.00443818321326709,-0.00443818321326709,-0.00443818321326709,-0.0022190916066335414
UNKNOWN_WAVE,30,-0.28427915644767,-0.113711662579068,-0.0710697891119175,-0.028427915644767,-0.028427915644767,-0.028427915644767,-0.014213957822383494
UNKNOWN_WAVE,60,-0.2667094782533584,-0.10668379130134337,-0.0666773695633396,-0.026670947825335842,-0.026670947825335842,-0.026670947825335842,-0.013335473912667872
UNKNOWN_WAVE,365,-0.1960374691389326,-0.07841498765557305,-0.04900936728473315,-0.01960374691389326,-0.01960374691389326,-0.01960374691389326,-0.009801873456946608
UNKNOWN_WAVE,30,-0.0914547258155088,-0.03658189032620352,-0.0228636814538772,-0.00914547258155088,-0.00914547258155088,-0.00914547258155088,-0.004572736290775439
UNKNOWN_WAVE,60,-0.1267478258201442,-0.05069913032805769,-0.03168695645503605,-0.012674782582014422,-0.012674782582014422,-0.012674782582014422,-0.006337391291007216
UNKNOWN_WAVE,365,-0.0762381957112441,-0.03049527828449764,-0.019059548927811025,-0.00762381957112441,-0.00762381957112441,-0.00762381957112441,-0.003811909785562201
UNKNOWN_WAVE,30,-0.0471984139818949,-0.018879365592757963,-0.011799603495473725,-0.004719841398189491,-0.004719841398189491,-0.004719841398189491,-0.002359920699094742
UNKNOWN_WAVE,60,-0.099199498891249,-0.039679799556499605,-0.02479987472281225,-0.009919949889124901,-0.009919949889124901,-0.009919949889124901,-0.004959974944562462
UNKNOWN_WAVE,365,-0.0687696201205644,-0.027507848048225758,-0.0171924050301411,-0.0068769620120564395,-0.0068769620120564395,-0.0068769620120564395,-0.0034384810060282267
UNKNOWN_WAVE,30,-0.0018897936379201,-0.00075591745516804,-0.000472448409480025,-0.00018897936379201,-0.00018897936379201,-0.00018897936379201,-9.448968189600484e-05
UNKNOWN_WAVE,60,-0.1196512027731211,-0.04786048110924844,-0.029912800693280273,-0.01196512027731211,-0.01196512027731211,-0.01196512027731211,-0.005982560138656043
UNKNOWN_WAVE,365,-0.7276826356498367,-0.2910730542599347,-0.18192065891245918,-0.07276826356498367,-0.07276826356498367,-0.07276826356498367,-0.03638413178249178
UNKNOWN_WAVE,30,0.0178738812454015,0.0071495524981606,0.004468470311350375,0.00178738812454015,0.00178738812454015,0.00178738812454015,0.000893694062270075
UNKNOWN_WAVE,60,0.0340847970360418,0.013633918814416722,0.00852119925901045,0.0034084797036041804,0.0034084797036041804,0.0034084797036041804,0.0017042398518020904
UNKNOWN_WAVE,365,0.07376719870761,0.029506879483044004,0.0184417996769025,0.007376719870761001,0.007376719870761001,0.007376719870761001,0.0036883599353804974
UNKNOWN_WAVE,30,0.0139280269379158,0.00557121077516632,0.00348200673447895,0.00139280269379158,0.00139280269379158,0.00139280269379158,0.0006964013468957909
UNKNOWN_WAVE,60,0.0554482248951286,0.02217928995805144,0.01386205622378215,0.00554482248951286,0.00554482248951286,0.00554482248951286,0.002772411244756433
UNKNOWN_WAVE,365,0.3038505730174501,0.12154022920698004,0.07596264325436253,0.03038505730174501,0.03038505730174501,0.03038505730174501,0.015192528650872505
UNKNOWN_WAVE,30,-0.0165597151965469,-0.00662388607861876,-0.004139928799136725,-0.00165597151965469,-0.00165597151965469,-0.00165597151965469,-0.0008279857598273432
UNKNOWN_WAVE,60,-0.0110296200970169,-0.00441184803880676,-0.002757405024254225,-0.00110296200970169,-0.00110296200970169,-0.00110296200970169,-0.0005514810048508449
UNKNOWN_WAVE,365,0.1267450597437927,0.050698023897517076,0.03168626493594817,0.012674505974379269,0.012674505974379269,0.012674505974379269,0.006337252987189623
UNKNOWN_WAVE,30,-0.0154729092882184,-0.006189163715287361,-0.0038682273220546,-0.0015472909288218402,-0.0015472909288218402,-0.0015472909288218402,-0.0007736454644109176
UNKNOWN_WAVE,60,-0.0446926625286769,-0.017877065011470763,-0.011173165632169225,-0.004469266252867691,-0.004469266252867691,-0.004469266252867691,-0.0022346331264338423
UNKNOWN_WAVE,365,0.3653574414058553,0.14614297656234213,0.09133936035146382,0.03653574414058553,0.03653574414058553,0.03653574414058553,0.01826787207029279
UNKNOWN_WAVE,30,0.0539892715723364,0.021595708628934562,0.0134973178930841,0.005398927157233641,0.005398927157233641,0.005398927157233641,0.0026994635786168134
UNKNOWN_WAVE,60,0.0910876213980671,0.03643504855922684,0.022771905349516775,0.00910876213980671,0.00910876213980671,0.00910876213980671,0.004554381069903343
UNKNOWN_WAVE,365,0.6699879534688697,0.2679951813875479,0.16749698836721744,0.06699879534688698,0.06699879534688698,0.06699879534688698,0.03349939767344334
UNKNOWN_WAVE,30,0.014308603072104,0.0057234412288416,0.003577150768026,0.0014308603072104,0.0014308603072104,0.0014308603072104,0.0007154301536051993
UNKNOWN_WAVE,60,0.0403885385210174,0.01615541540840696,0.01009713463025435,0.00403885385210174,0.00403885385210174,0.00403885385210174,0.0020194269260508727
UNKNOWN_WAVE,365,0.1656214476834292,0.06624857907337169,0.0414053619208573,0.01656214476834292,0.01656214476834292,0.01656214476834292,0.008281072384171473
UNKNOWN_WAVE,30,-0.0205559737864501,-0.00822238951458004,-0.005138993446612525,-0.00205559737864501,-0.00205559737864501,-0.00205559737864501,-0.0010277986893225052
UNKNOWN_WAVE,60,-0.1106521349421073,-0.04426085397684292,-0.027663033735526824,-0.01106521349421073,-0.01106521349421073,-0.01106521349421073,-0.005532606747105359
UNKNOWN_WAVE,365,-0.0258703537462956,-0.01034814149851824,-0.0064675884365739,-0.00258703537462956,-0.00258703537462956,-0.00258703537462956,-0.0012935176873147755
UNKNOWN_WAVE,30,0.0131920668816498,0.005276826752659921,0.00329801672041245,0.0013192066881649801,0.0013192066881649801,0.0013192066881649801,0.0006596033440824899
UNKNOWN_WAVE,60,-0.0021751282524196,-0.0008700513009678401,-0.0005437820631049,-0.00021751282524196003,-0.00021751282524196003,-0.00021751282524196003,-0.00010875641262098014
UNKNOWN_WAVE,365,0.2682231634995635,0.1072892653998254,0.06705579087489087,0.02682231634995635,0.02682231634995635,0.02682231634995635,0.013411158174978177
UNKNOWN_WAVE,30,-0.007050338157688,-0.0028201352630752,-0.001762584539422,-0.0007050338157688,-0.0007050338157688,-0.0007050338157688,-0.00035251690788439937
UNKNOWN_WAVE,60,-0.0291973132216295,-0.0116789252886518,-0.007299328305407375,-0.00291973132216295,-0.00291973132216295,-0.00291973132216295,-0.001459865661081472
UNKNOWN_WAVE,365,0.429800655901476,0.1719202623605904,0.107450163975369,0.0429800655901476,0.0429800655901476,0.0429800655901476,0.02149003279507372
UNKNOWN_WAVE,30,0.0100859879123411,0.00403439516493644,0.002521496978085275,0.00100859879123411,0.00100859879123411,0.00100859879123411,0.0005042993956170545
UNKNOWN_WAVE,60,0.0192107357844453,0.00768429431377812,0.004802683946111325,0.00192107357844453,0.00192107357844453,0.00192107357844453,0.0009605367892222619
UNKNOWN_WAVE,365,0.209703183644708,0.08388127345788321,0.052425795911177,0.020970318364470802,0.020970318364470802,0.020970318364470802,0.010485159182235387
UNKNOWN_WAVE,30,0.0167059678607957,0.006682387144318281,0.004176491965198925,0.0016705967860795702,0.0016705967860795702,0.0016705967860795702,0.0008352983930397864
UNKNOWN_WAVE,60,0.0603791640920297,0.024151665636811884,0.015094791023007426,0.006037916409202971,0.006037916409202971,0.006037916409202971,0.0030189582046014907
UNKNOWN_WAVE,365,0.1839112244186178,0.07356448976744712,0.04597780610465445,0.01839112244186178,0.01839112244186178,0.01839112244186178,0.009195561220930903
UNKNOWN_WAVE,30,0.0162491155342541,0.006499646213701641,0.004062278883563525,0.0016249115534254103,0.0016249115534254103,0.0016249115534254103,0.0008124557767127047
UNKNOWN_WAVE,60,0.0536844310847983,0.02147377243391932,0.013421107771199575,0.00536844310847983,0.00536844310847983,0.00536844310847983,0.0026842215542399114
UNKNOWN_WAVE,365,0.1453648072330586,0.05814592289322345,0.03634120180826465,0.014536480723305862,0.014536480723305862,0.014536480723305862,0.007268240361652939
UNKNOWN_WAVE,30,0.006189758311254,0.0024759033245016003,0.0015474395778135,0.0006189758311254001,0.0006189758311254001,0.0006189758311254001,0.0003094879155626992
UNKNOWN_WAVE,60,0.0075303910157675,0.0030121564063070004,0.001882597753941875,0.0007530391015767501,0.0007530391015767501,0.0007530391015767501,0.0003765195507883746
UNKNOWN_WAVE,365,0.0438795080337164,0.017551803213486563,0.0109698770084291,0.004387950803371641,0.004387950803371641,0.004387950803371641,0.0021939754016858173
UNKNOWN_WAVE,30,0.0030180693446284,0.00120722773785136,0.0007545173361571,0.00030180693446284,0.00030180693446284,0.00030180693446284,0.0001509034672314202
UNKNOWN_WAVE,60,0.0062815700945344,0.00251262803781376,0.0015703925236336,0.00062815700945344,0.00062815700945344,0.00062815700945344,0.00031407850472671764
UNKNOWN_WAVE,365,0.0416381410915556,0.016655256436622242,0.0104095352728889,0.0041638141091555605,0.0041638141091555605,0.0041638141091555605,0.0020819070545777738
UNKNOWN_WAVE,30,0.0070321564429904,0.00281286257719616,0.0017580391107476,0.00070321564429904,0.00070321564429904,0.00070321564429904,0.0003516078221495215
UNKNOWN_WAVE,60,-0.0008247892671444,-0.00032991570685776,-0.0002061973167861,-8.247892671444e-05,-8.247892671444e-05,-8.247892671444e-05,-4.123946335721999e-05
UNKNOWN_WAVE,365,0.1339086267689189,0.053563450707567566,0.033477156692229726,0.013390862676891891,0.013390862676891891,0.013390862676891891,0.00669543133844594
UNKNOWN_WAVE,30,0.022280900890127,0.0089123603560508,0.00557022522253175,0.0022280900890127,0.0022280900890127,0.0022280900890127,0.0011140450445063545
UNKNOWN_WAVE,60,0.0645028144591608,0.025801125783664322,0.0161257036147902,0.0064502814459160805,0.0064502814459160805,0.0064502814459160805,0.003225140722958028
UNKNOWN_WAVE,365,0.2134906875251954,0.08539627501007817,0.05337267188129885,0.021349068752519542,0.021349068752519542,0.021349068752519542,0.010674534376259731
UNKNOWN_WAVE,30,-0.0159441485528254,-0.006377659421130159,-0.00398603713820635,-0.0015944148552825398,-0.0015944148552825398,-0.0015944148552825398,-0.000797207427641269
UNKNOWN_WAVE,60,-0.047268105865297,-0.0189072423461188,-0.01181702646632425,-0.0047268105865297,-0.0047268105865297,-0.0047268105865297,-0.002363405293264856
UNKNOWN_WAVE,365,0.1867499199490578,0.07469996797962312,0.04668747998726445,0.01867499199490578,0.01867499199490578,0.01867499199490578,0.0093374959974529
UNKNOWN_WAVE,30,0.0073537640014156,0.00294150560056624,0.0018384410003539,0.00073537640014156,0.00073537640014156,0.00073537640014156,0.00036768820007077995
UNKNOWN_WAVE,60,0.0078589404154552,0.00314357616618208,0.0019647351038638,0.00078589404154552,0.00078589404154552,0.00078589404154552,0.0003929470207727588
UNKNOWN_WAVE,365,0.0453462019765738,0.01813848079062952,0.01133655049414345,0.00453462019765738,0.00453462019765738,0.00453462019765738,0.00226731009882869
UNKNOWN_WAVE,30,0.0021337715616516,0.00085350862466064,0.0005334428904129,0.00021337715616516,0.00021337715616516,0.00021337715616516,0.00010668857808257982
UNKNOWN_WAVE,60,0.0001143322046446,4.573288185784e-05,2.858305116115e-05,1.143322046446e-05,1.143322046446e-05,1.143322046446e-05,5.716610232230006e-06
UNKNOWN_WAVE,365,0.0702622652883404,0.02810490611533616,0.0175655663220851,0.00702622652883404,0.00702622652883404,0.00702622652883404,0.0035131132644170143
