wave_name,asof,return_1d,alpha_1d,return_30d,alpha_30d,return_60d,alpha_60d,return_365d,alpha_365d,alpha_residual_30d,alpha_momentum_30d,alpha_volatility_30d,alpha_beta_30d,alpha_allocation_30d,alpha_residual_60d,alpha_momentum_60d,alpha_volatility_60d,alpha_beta_60d,alpha_allocation_60d,alpha_residual_365d,alpha_momentum_365d,alpha_volatility_365d,alpha_beta_365d,alpha_allocation_365d
AI & Cloud MegaCap Wave,2026-01-10,0.0,0.0,-0.023652613089237495,-0.03456299239863625,-0.012374448972856555,-0.038471698131153254,0.1923763286452176,-0.09810502438519375,-0.032528602846204846,0.0,0.0,0.0010371300851372812,0.0,-0.03942832683308742,0.0,0.0,0.0004265040472304652,0.0,-0.0989007190656047,0.0,0.0,0.0007956946804109531,0.0
Clean Transit-Infrastructure Wave,2026-01-10,0.0,0.0,-0.0021522819929048476,-0.027261599027278538,0.04482278822313557,-0.008541352291754567,0.2795121123905244,0.025452323731258053,-0.03599216994467944,0.0,0.0,0.0012663557432484917,0.0,-0.0009316865574586175,0.0,0.0,0.0009376147634456111,0.0,0.024580989061863442,0.0,0.0,0.0008713346693946097,0.0
Crypto AI Growth Wave,2026-01-10,0.015308296670915711,0.0,0.10373530732651415,0.0,-0.31407730440138737,0.0,-0.7014966799457402,0.0,-0.006262477371066625,0.0,0.0,0.006262477371066625,0.0,0.006075822239694401,0.0,0.0,-0.006075822239694401,0.0,0.0020292949889116146,0.0,0.0,-0.0020292949889116146,0.0
Crypto Broad Growth Wave,2026-01-10,-0.006086304775834939,1.82634552833294e-05,-0.02264760766068208,-7.52269305155373e-05,-0.12078568328861283,0.0002118742635255355,-0.044381832132670995,0.0001717488662128508,-0.00014683504972739245,0.0,0.0,0.0001724691406677554,0.0,0.0019450871524961054,0.0,0.0,-0.001798910492257577,0.0,1.5445301217806786e-05,0.0,0.0,0.00011714550121641138,0.0
Crypto DeFi Growth Wave,2026-01-10,-0.024950566691938958,-0.025540871028125967,-0.28427915644767,-0.0992329216326463,-0.26670947825335845,-0.05691375355250372,-0.1960374691389326,0.23890432379564086,-0.11855736245148861,0.0,0.0,-0.001929450386086506,0.0,-0.03882903426600518,0.0,0.0,-0.0007872570687276989,0.0,0.253845245442856,0.0,0.0,-0.00017677458671485876,0.0
Crypto Income Wave,2026-01-10,-0.01045176265116654,-0.0004269217258900948,-0.09145472581550884,-0.003964801399799711,-0.1267478258201442,-0.0024951999693877402,-0.07623819571124413,0.0036060208767411117,-0.0032198204382522804,0.0,0.0,-0.0013605881985414843,0.0,-0.00013534179832626098,0.0,0.0,-0.0017692528903774814,0.0,0.00354118543766542,0.0,0.0,0.0004756470246624483,0.0
Crypto L1 Growth Wave,2026-01-10,-0.008191707754630073,-7.36957803924021e-05,-0.04719841398189495,0.00033443408244804296,-0.09919949889124902,-0.00015672265937782814,-0.06876962012056442,-0.0017972356089227537,5.885604203316e-05,0.0,0.0,0.00018873796371698023,0.0,0.0012321510136796038,0.0,0.0,-0.0013478226233534546,0.0,-0.002347269166274727,0.0,0.0,0.0005517699744914927,0.0
Crypto L2 Growth Wave,2026-01-10,-0.0020070047934264146,-0.00010468817328379565,-0.0018897936379201896,-9.858524898731513e-05,-0.11965120277312113,-0.005539520935123443,-0.7276826356498367,-0.0042637276849746275,8.698610077600706e-06,0.0,0.0,0.00041387855294836045,0.0,-0.0033614202490854193,0.0,0.0,-0.0018473705999305127,0.0,-0.0013144757279907318,0.0,0.0,-0.0029077800756059655,0.0
Demas Fund Wave,2026-01-10,0.0,0.0,0.01787388124540157,0.005549257729285495,0.034084797036041836,0.010185404916505103,0.07376719870761006,-0.13421828211722686,-0.011186280916571884,0.0,0.0,0.0002702003353813485,0.0,0.002077449131163858,0.0,0.0,0.00016162148471672078,0.0,-0.13450375630441244,0.0,0.0,0.00028547418718556904,0.0
EV & Infrastructure Wave,2026-01-10,0.0,0.0,0.013928026937915838,-0.011181290096457852,0.055448224895128684,0.002084084380238549,0.3038505730174501,0.04979078435818374,-0.01600962384253562,0.0,0.0,0.0014375690110835432,0.0,0.008777574801621321,0.0,0.0,0.0009581368719934332,0.0,0.04905827048734813,0.0,0.0,0.0007325138708356117,0.0
Future Energy & EV Wave,2026-01-10,0.0,0.0,-0.016559715196546976,-0.04072770357050881,-0.011029620097016912,-0.02672659006187328,0.1267450597437927,-0.06304293600485544,-0.051197870933909706,0.0,0.0,0.0006178686308360132,0.0,-0.028847326035785652,0.0,0.0,0.00032259297118163865,0.0,-0.06362004262877446,0.0,0.0,0.0005771066239190152,0.0
Future Power & Energy Wave,2026-01-10,0.0,0.0,-0.015472909288218428,-0.03964089766218026,-0.044692662528676985,-0.06038963249353335,0.36535744140585535,0.17556944565720722,-0.0017104506167572812,0.0,0.0,0.001259917196771038,0.0,-0.07193476871568083,0.0,0.0,0.0006064561433236649,0.0,0.17501991226041236,0.0,0.0,0.0005495333967948605,0.0
Gold Wave,2026-01-10,0.0,0.0,0.05398927157233646,-2.0533849807158333e-06,0.09108762139806714,-4.219028878926778e-06,0.6699879534688697,-0.00016821040252978925,-0.001751327268048281,0.0,0.0,0.0017486029312787704,0.0,-0.001293390247726905,0.0,0.0,0.0012729599480242376,0.0,-0.0016378442684920867,0.0,0.0,0.0014696338659622974,0.0
Income Wave,2026-01-10,0.0,,0.01430860307210402,,0.040388538521017425,,0.16562144768342923,,0.0,0.0,0.0,0.0,0.0,0.0,0.0,0.0,0.0,0.0,0.0,0.0,0.0,0.0,0.0
Infinity Multi-Asset Growth Wave,2026-01-10,-0.0056542487700419475,0.00027356703052805464,-0.020555973786450132,0.0006964211006749155,-0.11065213494210735,0.007601209008254117,-0.02587035374629565,0.012793418974859083,0.0012245800475622908,0.0,0.0,0.00018127380399415806,0.0,0.008438827870419595,0.0,0.0,-0.0016957952095970497,0.0,0.012453774054282257,0.0,0.0,0.00011864460284773492,0.0
Next-Gen Compute & Semis Wave,2026-01-10,0.0,0.0,0.013192066881649867,-0.008281129519937203,-0.0021751282524196114,-0.048674880743245996,0.26822316349956354,-0.08438738619933273,-0.024943869674186544,0.0,0.0,0.0010176358164437032,0.0,-0.04470423007300246,0.0,0.0,0.0005049479324555477,0.0,-0.0851454516645281,0.0,0.0,0.0007580654651953664,0.0
Quantum Computing Wave,2026-01-10,0.0,0.0,-0.007050338157688074,-0.000755920068895688,-0.02919731322162955,-0.02817819845624492,0.429800655901476,0.18535345043246965,-0.007679498526719655,0.0,0.0,0.0005890367035421366,0.0,-0.02545198881789151,0.0,0.0,2.1531423333550046e-05,0.0,0.1847276490368156,0.0,0.0,0.0006258013956540459,0.0
Russell 3000 Wave,2026-01-10,,,,,,,,,0.0,0.0,0.0,0.0,0.0,0.0,0.0,0.0,0.0,0.0,0.0,0.0,0.0,0.0,0.0
S&P 500 Wave,2026-01-10,0.0,0.0,0.010085987912341166,0.0,0.01921073578444532,0.0,0.20970318364470808,0.0,-0.0007542754716632034,0.0,0.0,0.0007542754716632034,0.0,-0.00033511191813164474,0.0,0.0,0.00033511191813164474,0.0,-0.0005751189435104651,0.0,0.0,0.0005751189435104651,0.0
Small Cap Growth Wave,2026-01-10,0.0,0.0,0.0167059678607957,-0.0010562596272605251,0.0603791640920297,0.0005427461509215359,0.18391122441861785,0.003889856955320292,-0.0029572815408000466,0.0,0.0,0.001320732046295511,0.0,-0.00048060727063339815,0.0,0.0,0.001084361451923171,0.0,0.0033586072857693604,0.0,0.0,0.0005312496695509316,0.0
Small to Mid Cap Growth Wave,2026-01-10,0.0,0.0,0.01624911553425412,0.009222781732040719,0.05368443108479837,0.011605214206845016,0.14536480723305867,-0.03466615193972089,0.006007674343167044,0.0,0.0,0.0007920872526378216,0.0,0.006522166400936589,0.0,0.0,0.0006913213255975961,0.0,-0.035149951631108546,0.0,0.0,0.00048379969138765593,0.0
SmartSafe Tax-Free Money Market Wave,2026-01-10,0.0,0.0,0.006189758311254012,-0.0011541583634906427,0.007530391015767579,0.0004899388728409892,0.04387950803371643,-0.0031983165013151904,-0.0016825050790175195,0.0,0.0,0.00019926020229560755,0.0,0.0002546129040402655,0.0,0.0,9.295279059185823e-05,0.0,-0.0032903394872230624,0.0,0.0,9.202298590787213e-05,0.0
SmartSafe Treasury Cash Wave,2026-01-10,0.0,0.0,0.003018069344628449,5.137681974298758e-06,0.00628157009453445,-3.348039388995083e-05,0.041638141091555614,0.000394069934926522,-5.243472830446054e-05,0.0,0.0,7.793731346655657e-05,0.0,-0.0001181689738031385,0.0,0.0,8.985109889304976e-05,0.0,0.00029704064161955636,0.0,0.0,9.702929330696564e-05,0.0
US MegaCap Core Wave,2026-01-10,0.0,0.0,0.007032156442990489,-0.0030538314693506763,-0.0008247892671444657,-0.020035525051589786,0.1339086267689189,-0.07579455687578918,-0.008143302533569095,0.0,0.0,0.0005293139854698466,0.0,-0.01820151646036387,0.0,0.0,0.000260931109337486,0.0,-0.07634140470175552,0.0,0.0,0.0005468478259663464,0.0
US Mid/Small Growth & Semis Wave,2026-01-10,0.0,0.0,0.02228090089012702,0.015254567087913617,0.06450281445916084,0.02242359758120749,0.2134906875251954,0.03345972835241584,0.017632593590815183,0.0,0.0,0.0008685471892896035,0.0,0.01462660592730308,0.0,0.0,0.0007132481496720537,0.0,0.03295063557791614,0.0,0.0,0.0005090927744997,0.0
US Small-Cap Disruptors Wave,2026-01-10,0.0,0.0,-0.015944148552825443,-0.03370637604088167,-0.04726810586529706,-0.10710452380640523,0.18674991994905787,0.00672855248576032,-0.03412433245624124,0.0,0.0,0.0012257517351283943,0.0,-0.09794282279944738,0.0,0.0,0.0010267557310453302,0.0,0.0061802988431308836,0.0,0.0,0.0005482536426294357,0.0
Vector Muni Ladder Wave,2026-01-10,0.0,0.0,0.00735376400141563,0.00028019007328738965,0.007858940415455207,0.0006421241148226731,0.0453462019765738,-0.0009590632213913874,3.6136297359217525e-05,0.0,0.0,0.00026230312586472205,0.0,0.00039236051337637317,0.0,0.0,0.0001511234869147658,0.0,-0.0010959734175320377,0.0,0.0,0.00013691019614065015,0.0
Vector Treasury Ladder Wave,2026-01-10,0.0,0.0,0.0021337715616516206,5.682849771915244e-05,0.00011433220464462934,0.000944017918071971,0.07026226528834045,0.004372798173364334,0.0002634385659646622,0.0,0.0,0.0001828292130062813,0.0,0.0012363656842769714,0.0,0.0,-2.1367865938856455e-05,0.0,0.004194308093225789,0.0,0.0,0.00017849008013854457,0.0
